,0,1,2,3,4,5,6,7,8,9
0,,,,,,,,,,
1,"[0, 1, 2]","[1, 1, 4]","[2, 1, 8]","[3, 0, 0]","[4, 0, 0]","[5, 0, 0]","[6, 0, 0]","[7, 0, 0]","[8, 0, 0]","[9, 1, 8]"
2,"[0, 1, 2]","[1, 1, 4]","[2, 1, 8]","[3, 0, 0]","[4, 0, 0]","[5, 0, 0]","[6, 0, 0]","[7, 1, 2]","[8, 0, 0]","[9, 1, 8]"
3,"[0, 1, 2]","[1, 1, 4]","[2, 1, 8]","[3, 0, 0]","[4, 0, 0]","[5, 0, 0]","[6, 1, 2]","[7, 1, 2]","[8, 0, 0]","[9, 1, 8]"
4,"[0, 1, 2]","[1, 1, 4]","[2, 2, 10]","[3, 0, 0]","[4, 0, 0]","[5, 0, 0]","[6, 1, 2]","[7, 1, 2]","[8, 0, 0]","[9, 1, 8]"
5,"[0, 1, 2]","[1, 1, 4]","[2, 2, 10]","[3, 0, 0]","[4, 1, 2]","[5, 0, 0]","[6, 1, 2]","[7, 1, 2]","[8, 0, 0]","[9, 1, 8]"
6,"[0, 1, 2]","[1, 1, 4]","[2, 2, 10]","[3, 0, 0]","[4, 2, 4]","[5, 0, 0]","[6, 1, 2]","[7, 1, 2]","[8, 0, 0]","[9, 1, 8]"
7,"[0, 1, 2]","[1, 1, 4]","[2, 2, 10]","[3, 0, 0]","[4, 2, 4]","[5, 1, 2]","[6, 1, 2]","[7, 1, 2]","[8, 0, 0]","[9, 1, 8]"
8,"[0, 1, 2]","[1, 1, 4]","[2, 2, 10]","[3, 0, 0]","[4, 2, 4]","[5, 2, 4]","[6, 1, 2]","[7, 1, 2]","[8, 0, 0]","[9, 1, 8]"
9,"[0, 1, 2]","[1, 1, 4]","[2, 2, 10]","[3, 1, 2]","[4, 2, 4]","[5, 2, 4]","[6, 1, 2]","[7, 1, 2]","[8, 0, 0]","[9, 1, 8]"
10,"[0, 1, 2]","[1, 1, 4]","[2, 2, 10]","[3, 1, 2]","[4, 2, 4]","[5, 2, 4]","[6, 1, 2]","[7, 1, 2]","[8, 0, 0]","[9, 1, 8]"
11,"[0, 1, 2]","[1, 1, 4]","[2, 2, 10]","[3, 1, 2]","[4, 2, 4]","[5, 1, 2]","[6, 1, 2]","[7, 1, 2]","[8, 0, 0]","[9, 1, 8]"
12,"[0, 1, 2]","[1, 1, 4]","[2, 2, 10]","[3, 0, 0]","[4, 2, 4]","[5, 1, 2]","[6, 1, 2]","[7, 1, 2]","[8, 0, 0]","[9, 1, 8]"
13,"[0, 1, 2]","[1, 1, 4]","[2, 2, 10]","[3, 0, 0]","[4, 2, 4]","[5, 0, 0]","[6, 1, 2]","[7, 1, 2]","[8, 0, 0]","[9, 1, 8]"
14,"[0, 1, 2]","[1, 1, 4]","[2, 2, 10]","[3, 0, 0]","[4, 1, 2]","[5, 0, 0]","[6, 1, 2]","[7, 1, 2]","[8, 0, 0]","[9, 1, 8]"
15,"[0, 1, 2]","[1, 1, 4]","[2, 2, 10]","[3, 0, 0]","[4, 1, 2]","[5, 0, 0]","[6, 1, 2]","[7, 1, 2]","[8, 0, 0]","[9, 1, 8]"
16,"[0, 1, 2]","[1, 1, 4]","[2, 2, 10]","[3, 0, 0]","[4, 0, 0]","[5, 0, 0]","[6, 1, 2]","[7, 1, 2]","[8, 0, 0]","[9, 1, 8]"
17,"[0, 1, 2]","[1, 1, 4]","[2, 1, 8]","[3, 0, 0]","[4, 0, 0]","[5, 0, 0]","[6, 1, 2]","[7, 1, 2]","[8, 0, 0]","[9, 1, 8]"
18,"[0, 1, 2]","[1, 1, 4]","[2, 1, 8]","[3, 1, 2]","[4, 0, 0]","[5, 0, 0]","[6, 1, 2]","[7, 1, 2]","[8, 0, 0]","[9, 1, 8]"
19,"[0, 1, 2]","[1, 1, 4]","[2, 1, 8]","[3, 0, 0]","[4, 0, 0]","[5, 0, 0]","[6, 1, 2]","[7, 1, 2]","[8, 0, 0]","[9, 1, 8]"
20,"[0, 1, 2]","[1, 1, 4]","[2, 1, 8]","[3, 0, 0]","[4, 0, 0]","[5, 1, 2]","[6, 1, 2]","[7, 1, 2]","[8, 0, 0]","[9, 1, 8]"
21,"[0, 1, 2]","[1, 1, 4]","[2, 1, 8]","[3, 0, 0]","[4, 0, 0]","[5, 1, 2]","[6, 1, 2]","[7, 1, 2]","[8, 0, 0]","[9, 2, 10]"
22,"[0, 1, 2]","[1, 1, 4]","[2, 1, 8]","[3, 0, 0]","[4, 0, 0]","[5, 1, 2]","[6, 1, 2]","[7, 1, 2]","[8, 0, 0]","[9, 1, 8]"
23,"[0, 1, 2]","[1, 1, 4]","[2, 1, 8]","[3, 0, 0]","[4, 0, 0]","[5, 0, 0]","[6, 1, 2]","[7, 1, 2]","[8, 0, 0]","[9, 1, 8]"
24,"[0, 1, 2]","[1, 1, 4]","[2, 1, 8]","[3, 1, 2]","[4, 0, 0]","[5, 0, 0]","[6, 1, 2]","[7, 1, 2]","[8, 0, 0]","[9, 1, 8]"
25,"[0, 1, 2]","[1, 1, 4]","[2, 1, 8]","[3, 0, 0]","[4, 0, 0]","[5, 0, 0]","[6, 1, 2]","[7, 1, 2]","[8, 0, 0]","[9, 1, 8]"
26,"[0, 1, 2]","[1, 1, 4]","[2, 1, 8]","[3, 0, 0]","[4, 0, 0]","[5, 0, 0]","[6, 1, 2]","[7, 1, 2]","[8, 1, 2]","[9, 1, 8]"
27,"[0, 1, 2]","[1, 1, 4]","[2, 1, 8]","[3, 0, 0]","[4, 0, 0]","[5, 0, 0]","[6, 1, 2]","[7, 1, 2]","[8, 0, 0]","[9, 1, 8]"
28,"[0, 1, 2]","[1, 1, 4]","[2, 1, 8]","[3, 1, 2]","[4, 0, 0]","[5, 0, 0]","[6, 1, 2]","[7, 1, 2]","[8, 0, 0]","[9, 1, 8]"
29,"[0, 1, 2]","[1, 1, 4]","[2, 1, 8]","[3, 2, 4]","[4, 0, 0]","[5, 0, 0]","[6, 1, 2]","[7, 1, 2]","[8, 0, 0]","[9, 1, 8]"
30,"[0, 1, 2]","[1, 1, 4]","[2, 1, 8]","[3, 2, 4]","[4, 0, 0]","[5, 1, 2]","[6, 1, 2]","[7, 1, 2]","[8, 0, 0]","[9, 1, 8]"
31,"[0, 1, 2]","[1, 1, 4]","[2, 1, 8]","[3, 2, 4]","[4, 0, 0]","[5, 1, 2]","[6, 1, 2]","[7, 2, 4]","[8, 0, 0]","[9, 1, 8]"
32,"[0, 1, 2]","[1, 1, 4]","[2, 1, 8]","[3, 2, 4]","[4, 0, 0]","[5, 1, 2]","[6, 2, 4]","[7, 2, 4]","[8, 0, 0]","[9, 1, 8]"
33,"[0, 1, 2]","[1, 1, 4]","[2, 1, 8]","[3, 2, 4]","[4, 1, 2]","[5, 1, 2]","[6, 2, 4]","[7, 2, 4]","[8, 0, 0]","[9, 1, 8]"
34,"[0, 0, 0]","[1, 1, 4]","[2, 1, 8]","[3, 2, 4]","[4, 1, 2]","[5, 1, 2]","[6, 2, 4]","[7, 2, 4]","[8, 0, 0]","[9, 1, 8]"
35,"[0, 0, 0]","[1, 1, 4]","[2, 2, 10]","[3, 2, 4]","[4, 1, 2]","[5, 1, 2]","[6, 2, 4]","[7, 2, 4]","[8, 0, 0]","[9, 1, 8]"
36,"[0, 0, 0]","[1, 1, 4]","[2, 2, 10]","[3, 2, 4]","[4, 1, 2]","[5, 1, 2]","[6, 2, 4]","[7, 2, 4]","[8, 0, 0]","[9, 0, 0]"
37,"[0, 0, 0]","[1, 1, 4]","[2, 2, 10]","[3, 2, 4]","[4, 1, 2]","[5, 2, 4]","[6, 2, 4]","[7, 2, 4]","[8, 0, 0]","[9, 0, 0]"
38,"[0, 0, 0]","[1, 1, 4]","[2, 2, 10]","[3, 2, 4]","[4, 2, 4]","[5, 2, 4]","[6, 2, 4]","[7, 2, 4]","[8, 0, 0]","[9, 0, 0]"
39,"[0, 0, 0]","[1, 1, 4]","[2, 2, 10]","[3, 2, 4]","[4, 2, 4]","[5, 3, 6]","[6, 2, 4]","[7, 2, 4]","[8, 0, 0]","[9, 0, 0]"
40,"[0, 0, 0]","[1, 1, 4]","[2, 2, 10]","[3, 2, 4]","[4, 2, 4]","[5, 2, 4]","[6, 2, 4]","[7, 2, 4]","[8, 0, 0]","[9, 0, 0]"
41,"[0, 0, 0]","[1, 1, 4]","[2, 2, 10]","[3, 2, 4]","[4, 1, 2]","[5, 2, 4]","[6, 2, 4]","[7, 2, 4]","[8, 0, 0]","[9, 0, 0]"
42,"[0, 0, 0]","[1, 1, 4]","[2, 2, 10]","[3, 2, 4]","[4, 1, 2]","[5, 1, 2]","[6, 2, 4]","[7, 2, 4]","[8, 0, 0]","[9, 0, 0]"
43,"[0, 0, 0]","[1, 1, 4]","[2, 2, 10]","[3, 2, 4]","[4, 1, 2]","[5, 1, 2]","[6, 2, 4]","[7, 3, 6]","[8, 0, 0]","[9, 0, 0]"
44,"[0, 0, 0]","[1, 1, 4]","[2, 2, 10]","[3, 2, 4]","[4, 1, 2]","[5, 1, 2]","[6, 2, 4]","[7, 3, 6]","[8, 0, 0]","[9, 0, 0]"
45,"[0, 0, 0]","[1, 1, 4]","[2, 2, 10]","[3, 3, 6]","[4, 1, 2]","[5, 1, 2]","[6, 2, 4]","[7, 3, 6]","[8, 0, 0]","[9, 0, 0]"
46,"[0, 0, 0]","[1, 1, 4]","[2, 2, 10]","[3, 4, 8]","[4, 1, 2]","[5, 1, 2]","[6, 2, 4]","[7, 3, 6]","[8, 0, 0]","[9, 0, 0]"
47,"[0, 0, 0]","[1, 1, 4]","[2, 2, 10]","[3, 3, 6]","[4, 1, 2]","[5, 1, 2]","[6, 2, 4]","[7, 3, 6]","[8, 0, 0]","[9, 0, 0]"
48,"[0, 0, 0]","[1, 1, 4]","[2, 2, 10]","[3, 3, 6]","[4, 1, 2]","[5, 1, 2]","[6, 2, 4]","[7, 3, 6]","[8, 0, 0]","[9, 1, 2]"
49,"[0, 0, 0]","[1, 1, 4]","[2, 2, 10]","[3, 3, 6]","[4, 2, 6]","[5, 1, 2]","[6, 2, 4]","[7, 3, 6]","[8, 0, 0]","[9, 1, 2]"
50,"[0, 0, 0]","[1, 1, 4]","[2, 2, 10]","[3, 3, 6]","[4, 2, 6]","[5, 1, 2]","[6, 3, 8]","[7, 3, 6]","[8, 0, 0]","[9, 1, 2]"
51,"[0, 0, 0]","[1, 1, 4]","[2, 2, 10]","[3, 3, 6]","[4, 2, 6]","[5, 1, 2]","[6, 2, 4]","[7, 3, 6]","[8, 0, 0]","[9, 1, 2]"
52,"[0, 0, 0]","[1, 1, 4]","[2, 2, 10]","[3, 3, 6]","[4, 2, 6]","[5, 1, 2]","[6, 2, 4]","[7, 3, 6]","[8, 0, 0]","[9, 2, 4]"
53,"[0, 0, 0]","[1, 1, 4]","[2, 2, 10]","[3, 3, 6]","[4, 2, 6]","[5, 1, 2]","[6, 2, 4]","[7, 3, 6]","[8, 0, 0]","[9, 1, 2]"
54,"[0, 0, 0]","[1, 1, 4]","[2, 2, 10]","[3, 3, 6]","[4, 1, 2]","[5, 1, 2]","[6, 2, 4]","[7, 3, 6]","[8, 0, 0]","[9, 1, 2]"
55,"[0, 0, 0]","[1, 1, 4]","[2, 2, 10]","[3, 3, 6]","[4, 1, 2]","[5, 1, 2]","[6, 2, 4]","[7, 3, 6]","[8, 0, 0]","[9, 2, 4]"
56,"[0, 0, 0]","[1, 1, 4]","[2, 2, 10]","[3, 3, 6]","[4, 1, 2]","[5, 1, 2]","[6, 2, 4]","[7, 3, 6]","[8, 0, 0]","[9, 1, 2]"
57,"[0, 0, 0]","[1, 1, 4]","[2, 2, 10]","[3, 2, 4]","[4, 1, 2]","[5, 1, 2]","[6, 2, 4]","[7, 3, 6]","[8, 0, 0]","[9, 1, 2]"
58,"[0, 0, 0]","[1, 1, 4]","[2, 2, 10]","[3, 2, 4]","[4, 1, 2]","[5, 1, 2]","[6, 2, 4]","[7, 3, 6]","[8, 0, 0]","[9, 2, 4]"
59,"[0, 0, 0]","[1, 1, 4]","[2, 2, 10]","[3, 3, 6]","[4, 1, 2]","[5, 1, 2]","[6, 2, 4]","[7, 3, 6]","[8, 0, 0]","[9, 2, 4]"
60,"[0, 0, 0]","[1, 1, 4]","[2, 2, 10]","[3, 3, 6]","[4, 1, 2]","[5, 1, 2]","[6, 2, 4]","[7, 3, 6]","[8, 0, 0]","[9, 1, 2]"
61,"[0, 0, 0]","[1, 1, 4]","[2, 2, 10]","[3, 2, 4]","[4, 1, 2]","[5, 1, 2]","[6, 2, 4]","[7, 3, 6]","[8, 0, 0]","[9, 1, 2]"
62,"[0, 0, 0]","[1, 1, 4]","[2, 2, 10]","[3, 2, 4]","[4, 1, 2]","[5, 1, 2]","[6, 2, 4]","[7, 3, 6]","[8, 0, 0]","[9, 0, 0]"
63,"[0, 0, 0]","[1, 1, 4]","[2, 2, 10]","[3, 2, 4]","[4, 1, 2]","[5, 1, 2]","[6, 2, 4]","[7, 2, 4]","[8, 0, 0]","[9, 0, 0]"
64,"[0, 0, 0]","[1, 1, 4]","[2, 2, 10]","[3, 2, 4]","[4, 0, 0]","[5, 1, 2]","[6, 2, 4]","[7, 2, 4]","[8, 0, 0]","[9, 0, 0]"
65,"[0, 0, 0]","[1, 1, 4]","[2, 2, 10]","[3, 2, 4]","[4, 0, 0]","[5, 1, 2]","[6, 2, 4]","[7, 3, 6]","[8, 0, 0]","[9, 0, 0]"
66,"[0, 0, 0]","[1, 2, 6]","[2, 2, 10]","[3, 2, 4]","[4, 0, 0]","[5, 1, 2]","[6, 2, 4]","[7, 3, 6]","[8, 0, 0]","[9, 0, 0]"
67,"[0, 0, 0]","[1, 1, 4]","[2, 2, 10]","[3, 2, 4]","[4, 0, 0]","[5, 1, 2]","[6, 2, 4]","[7, 3, 6]","[8, 0, 0]","[9, 0, 0]"
68,"[0, 0, 0]","[1, 1, 4]","[2, 2, 10]","[3, 2, 4]","[4, 0, 0]","[5, 1, 2]","[6, 2, 4]","[7, 3, 6]","[8, 1, 2]","[9, 0, 0]"
69,"[0, 0, 0]","[1, 1, 4]","[2, 2, 10]","[3, 2, 4]","[4, 1, 2]","[5, 1, 2]","[6, 2, 4]","[7, 3, 6]","[8, 1, 2]","[9, 0, 0]"
70,"[0, 0, 0]","[1, 1, 4]","[2, 2, 10]","[3, 2, 4]","[4, 2, 4]","[5, 1, 2]","[6, 2, 4]","[7, 3, 6]","[8, 1, 2]","[9, 0, 0]"
71,"[0, 0, 0]","[1, 1, 4]","[2, 2, 10]","[3, 2, 4]","[4, 2, 4]","[5, 1, 2]","[6, 2, 4]","[7, 3, 6]","[8, 1, 2]","[9, 1, 2]"
72,"[0, 0, 0]","[1, 1, 4]","[2, 2, 10]","[3, 2, 4]","[4, 2, 4]","[5, 1, 2]","[6, 2, 4]","[7, 3, 6]","[8, 1, 2]","[9, 0, 0]"
73,"[0, 0, 0]","[1, 1, 4]","[2, 2, 10]","[3, 3, 6]","[4, 2, 4]","[5, 1, 2]","[6, 2, 4]","[7, 3, 6]","[8, 1, 2]","[9, 0, 0]"
74,"[0, 0, 0]","[1, 1, 4]","[2, 2, 10]","[3, 2, 4]","[4, 2, 4]","[5, 1, 2]","[6, 2, 4]","[7, 3, 6]","[8, 1, 2]","[9, 0, 0]"
75,"[0, 0, 0]","[1, 1, 4]","[2, 2, 10]","[3, 2, 4]","[4, 2, 4]","[5, 1, 2]","[6, 2, 4]","[7, 3, 6]","[8, 1, 2]","[9, 1, 2]"
76,"[0, 0, 0]","[1, 1, 4]","[2, 2, 10]","[3, 2, 4]","[4, 2, 4]","[5, 1, 2]","[6, 2, 4]","[7, 3, 6]","[8, 1, 2]","[9, 0, 0]"
77,"[0, 0, 0]","[1, 1, 4]","[2, 2, 10]","[3, 2, 4]","[4, 1, 2]","[5, 1, 2]","[6, 2, 4]","[7, 3, 6]","[8, 1, 2]","[9, 0, 0]"
78,"[0, 0, 0]","[1, 1, 4]","[2, 2, 10]","[3, 2, 4]","[4, 2, 4]","[5, 1, 2]","[6, 2, 4]","[7, 3, 6]","[8, 1, 2]","[9, 0, 0]"
79,"[0, 0, 0]","[1, 1, 4]","[2, 2, 10]","[3, 2, 4]","[4, 1, 2]","[5, 1, 2]","[6, 2, 4]","[7, 3, 6]","[8, 1, 2]","[9, 0, 0]"
80,"[0, 0, 0]","[1, 1, 4]","[2, 2, 10]","[3, 2, 4]","[4, 1, 2]","[5, 1, 2]","[6, 2, 4]","[7, 4, 8]","[8, 1, 2]","[9, 0, 0]"
81,"[0, 0, 0]","[1, 1, 4]","[2, 2, 10]","[3, 2, 4]","[4, 1, 2]","[5, 1, 2]","[6, 2, 4]","[7, 3, 6]","[8, 1, 2]","[9, 0, 0]"
82,"[0, 0, 0]","[1, 1, 4]","[2, 2, 10]","[3, 2, 4]","[4, 1, 2]","[5, 1, 2]","[6, 2, 4]","[7, 3, 6]","[8, 2, 4]","[9, 0, 0]"
83,"[0, 0, 0]","[1, 1, 4]","[2, 2, 10]","[3, 2, 4]","[4, 1, 2]","[5, 1, 2]","[6, 2, 4]","[7, 3, 6]","[8, 2, 4]","[9, 1, 2]"
84,"[0, 0, 0]","[1, 1, 4]","[2, 2, 10]","[3, 2, 4]","[4, 1, 2]","[5, 1, 2]","[6, 2, 4]","[7, 4, 10]","[8, 2, 4]","[9, 1, 2]"
85,"[0, 0, 0]","[1, 1, 4]","[2, 2, 10]","[3, 2, 4]","[4, 1, 2]","[5, 1, 2]","[6, 3, 8]","[7, 4, 10]","[8, 2, 4]","[9, 1, 2]"
86,"[0, 0, 0]","[1, 1, 4]","[2, 2, 10]","[3, 1, 2]","[4, 1, 2]","[5, 1, 2]","[6, 3, 8]","[7, 4, 10]","[8, 2, 4]","[9, 1, 2]"
87,"[0, 0, 0]","[1, 1, 4]","[2, 2, 10]","[3, 1, 2]","[4, 1, 2]","[5, 1, 2]","[6, 3, 8]","[7, 3, 6]","[8, 2, 4]","[9, 1, 2]"
88,"[0, 0, 0]","[1, 1, 4]","[2, 2, 10]","[3, 1, 2]","[4, 1, 2]","[5, 1, 2]","[6, 2, 4]","[7, 3, 6]","[8, 2, 4]","[9, 1, 2]"
89,"[0, 0, 0]","[1, 1, 4]","[2, 2, 10]","[3, 1, 2]","[4, 1, 2]","[5, 1, 2]","[6, 2, 4]","[7, 3, 6]","[8, 2, 4]","[9, 0, 0]"
90,"[0, 0, 0]","[1, 1, 4]","[2, 2, 10]","[3, 1, 2]","[4, 1, 2]","[5, 1, 2]","[6, 2, 4]","[7, 3, 6]","[8, 2, 4]","[9, 1, 2]"
91,"[0, 0, 0]","[1, 1, 4]","[2, 2, 10]","[3, 1, 2]","[4, 1, 2]","[5, 1, 2]","[6, 2, 4]","[7, 3, 6]","[8, 2, 4]","[9, 0, 0]"
92,"[0, 0, 0]","[1, 1, 4]","[2, 2, 10]","[3, 1, 2]","[4, 1, 2]","[5, 1, 2]","[6, 2, 4]","[7, 3, 6]","[8, 1, 2]","[9, 0, 0]"
93,"[0, 0, 0]","[1, 1, 4]","[2, 2, 10]","[3, 1, 2]","[4, 0, 0]","[5, 1, 2]","[6, 2, 4]","[7, 3, 6]","[8, 1, 2]","[9, 0, 0]"
94,"[0, 0, 0]","[1, 1, 4]","[2, 2, 10]","[3, 2, 4]","[4, 0, 0]","[5, 1, 2]","[6, 2, 4]","[7, 3, 6]","[8, 1, 2]","[9, 0, 0]"
95,"[0, 0, 0]","[1, 1, 4]","[2, 2, 10]","[3, 1, 2]","[4, 0, 0]","[5, 1, 2]","[6, 2, 4]","[7, 3, 6]","[8, 1, 2]","[9, 0, 0]"
96,"[0, 0, 0]","[1, 2, 6]","[2, 2, 10]","[3, 1, 2]","[4, 0, 0]","[5, 1, 2]","[6, 2, 4]","[7, 3, 6]","[8, 1, 2]","[9, 0, 0]"
97,"[0, 0, 0]","[1, 2, 6]","[2, 2, 10]","[3, 1, 2]","[4, 0, 0]","[5, 1, 2]","[6, 2, 4]","[7, 3, 6]","[8, 1, 2]","[9, 1, 2]"
98,"[0, 0, 0]","[1, 2, 6]","[2, 2, 10]","[3, 1, 2]","[4, 0, 0]","[5, 1, 2]","[6, 2, 4]","[7, 3, 6]","[8, 1, 2]","[9, 0, 0]"
99,"[0, 0, 0]","[1, 1, 4]","[2, 2, 10]","[3, 1, 2]","[4, 0, 0]","[5, 1, 2]","[6, 2, 4]","[7, 3, 6]","[8, 1, 2]","[9, 0, 0]"
100,"[0, 0, 0]","[1, 1, 4]","[2, 2, 10]","[3, 1, 2]","[4, 0, 0]","[5, 1, 2]","[6, 2, 4]","[7, 3, 6]","[8, 1, 2]","[9, 0, 0]"
101,"[0, 0, 0]","[1, 0, 0]","[2, 2, 10]","[3, 1, 2]","[4, 0, 0]","[5, 1, 2]","[6, 2, 4]","[7, 3, 6]","[8, 1, 2]","[9, 0, 0]"
102,"[0, 0, 0]","[1, 0, 0]","[2, 2, 10]","[3, 1, 2]","[4, 0, 0]","[5, 1, 2]","[6, 3, 6]","[7, 3, 6]","[8, 1, 2]","[9, 0, 0]"
103,"[0, 0, 0]","[1, 0, 0]","[2, 2, 10]","[3, 1, 2]","[4, 0, 0]","[5, 1, 2]","[6, 2, 4]","[7, 3, 6]","[8, 1, 2]","[9, 0, 0]"
104,"[0, 1, 2]","[1, 0, 0]","[2, 2, 10]","[3, 1, 2]","[4, 0, 0]","[5, 1, 2]","[6, 2, 4]","[7, 3, 6]","[8, 1, 2]","[9, 0, 0]"
105,"[0, 1, 2]","[1, 0, 0]","[2, 2, 10]","[3, 1, 2]","[4, 0, 0]","[5, 1, 2]","[6, 2, 4]","[7, 3, 6]","[8, 0, 0]","[9, 0, 0]"
106,"[0, 1, 2]","[1, 1, 2]","[2, 2, 10]","[3, 1, 2]","[4, 0, 0]","[5, 1, 2]","[6, 2, 4]","[7, 3, 6]","[8, 0, 0]","[9, 0, 0]"
107,"[0, 1, 2]","[1, 1, 2]","[2, 2, 10]","[3, 1, 2]","[4, 0, 0]","[5, 1, 2]","[6, 2, 4]","[7, 3, 6]","[8, 0, 0]","[9, 1, 2]"
108,"[0, 1, 2]","[1, 1, 2]","[2, 2, 10]","[3, 2, 4]","[4, 0, 0]","[5, 1, 2]","[6, 2, 4]","[7, 3, 6]","[8, 0, 0]","[9, 1, 2]"
109,"[0, 1, 2]","[1, 1, 2]","[2, 2, 10]","[3, 1, 2]","[4, 0, 0]","[5, 1, 2]","[6, 2, 4]","[7, 3, 6]","[8, 0, 0]","[9, 1, 2]"
110,"[0, 1, 2]","[1, 1, 2]","[2, 2, 10]","[3, 1, 2]","[4, 0, 0]","[5, 2, 4]","[6, 2, 4]","[7, 3, 6]","[8, 0, 0]","[9, 1, 2]"
111,"[0, 1, 2]","[1, 1, 2]","[2, 2, 10]","[3, 1, 2]","[4, 0, 0]","[5, 1, 2]","[6, 2, 4]","[7, 3, 6]","[8, 0, 0]","[9, 1, 2]"
112,"[0, 1, 2]","[1, 1, 2]","[2, 2, 10]","[3, 1, 2]","[4, 0, 0]","[5, 1, 2]","[6, 2, 4]","[7, 3, 6]","[8, 1, 2]","[9, 1, 2]"
113,"[0, 1, 2]","[1, 1, 2]","[2, 2, 10]","[3, 1, 2]","[4, 0, 0]","[5, 1, 2]","[6, 3, 6]","[7, 3, 6]","[8, 1, 2]","[9, 1, 2]"
114,"[0, 1, 2]","[1, 1, 2]","[2, 2, 10]","[3, 2, 4]","[4, 0, 0]","[5, 1, 2]","[6, 3, 6]","[7, 3, 6]","[8, 1, 2]","[9, 1, 2]"
115,"[0, 1, 2]","[1, 1, 2]","[2, 2, 10]","[3, 1, 2]","[4, 0, 0]","[5, 1, 2]","[6, 3, 6]","[7, 3, 6]","[8, 1, 2]","[9, 1, 2]"
116,"[0, 1, 2]","[1, 1, 2]","[2, 2, 10]","[3, 1, 2]","[4, 0, 0]","[5, 1, 2]","[6, 3, 6]","[7, 3, 6]","[8, 0, 0]","[9, 1, 2]"
117,"[0, 1, 2]","[1, 1, 2]","[2, 2, 10]","[3, 1, 2]","[4, 0, 0]","[5, 1, 2]","[6, 2, 4]","[7, 3, 6]","[8, 0, 0]","[9, 1, 2]"
118,"[0, 1, 2]","[1, 0, 0]","[2, 2, 10]","[3, 1, 2]","[4, 0, 0]","[5, 1, 2]","[6, 2, 4]","[7, 3, 6]","[8, 0, 0]","[9, 1, 2]"
119,"[0, 1, 2]","[1, 0, 0]","[2, 2, 10]","[3, 1, 2]","[4, 0, 0]","[5, 1, 2]","[6, 2, 4]","[7, 3, 6]","[8, 0, 0]","[9, 0, 0]"
120,"[0, 1, 2]","[1, 0, 0]","[2, 2, 10]","[3, 1, 2]","[4, 0, 0]","[5, 1, 2]","[6, 2, 4]","[7, 3, 6]","[8, 0, 0]","[9, 1, 2]"
121,"[0, 1, 2]","[1, 0, 0]","[2, 2, 10]","[3, 1, 2]","[4, 0, 0]","[5, 1, 2]","[6, 2, 4]","[7, 3, 6]","[8, 0, 0]","[9, 0, 0]"
122,"[0, 1, 2]","[1, 1, 2]","[2, 2, 10]","[3, 1, 2]","[4, 0, 0]","[5, 1, 2]","[6, 2, 4]","[7, 3, 6]","[8, 0, 0]","[9, 0, 0]"
123,"[0, 1, 2]","[1, 0, 0]","[2, 2, 10]","[3, 1, 2]","[4, 0, 0]","[5, 1, 2]","[6, 2, 4]","[7, 3, 6]","[8, 0, 0]","[9, 0, 0]"
124,"[0, 1, 2]","[1, 0, 0]","[2, 2, 10]","[3, 1, 2]","[4, 0, 0]","[5, 1, 2]","[6, 2, 4]","[7, 3, 6]","[8, 0, 0]","[9, 0, 0]"
125,"[0, 1, 2]","[1, 0, 0]","[2, 2, 10]","[3, 1, 2]","[4, 0, 0]","[5, 1, 2]","[6, 2, 4]","[7, 3, 6]","[8, 0, 0]","[9, 0, 0]"
126,"[0, 1, 2]","[1, 0, 0]","[2, 2, 10]","[3, 1, 2]","[4, 0, 0]","[5, 1, 2]","[6, 3, 6]","[7, 3, 6]","[8, 0, 0]","[9, 0, 0]"
127,"[0, 1, 2]","[1, 0, 0]","[2, 2, 10]","[3, 1, 2]","[4, 1, 2]","[5, 1, 2]","[6, 3, 6]","[7, 3, 6]","[8, 0, 0]","[9, 0, 0]"
128,"[0, 1, 2]","[1, 0, 0]","[2, 2, 10]","[3, 1, 2]","[4, 1, 2]","[5, 1, 2]","[6, 3, 6]","[7, 3, 6]","[8, 0, 0]","[9, 1, 2]"
129,"[0, 1, 2]","[1, 0, 0]","[2, 2, 10]","[3, 1, 2]","[4, 1, 2]","[5, 1, 2]","[6, 3, 6]","[7, 3, 6]","[8, 0, 0]","[9, 0, 0]"
130,"[0, 1, 2]","[1, 0, 0]","[2, 2, 10]","[3, 1, 2]","[4, 0, 0]","[5, 1, 2]","[6, 3, 6]","[7, 3, 6]","[8, 0, 0]","[9, 0, 0]"
131,"[0, 1, 2]","[1, 0, 0]","[2, 2, 10]","[3, 1, 2]","[4, 0, 0]","[5, 1, 2]","[6, 3, 6]","[7, 2, 4]","[8, 0, 0]","[9, 0, 0]"
132,"[0, 1, 2]","[1, 0, 0]","[2, 2, 10]","[3, 1, 2]","[4, 0, 0]","[5, 1, 2]","[6, 3, 6]","[7, 2, 4]","[8, 0, 0]","[9, 0, 0]"
133,"[0, 1, 2]","[1, 0, 0]","[2, 2, 10]","[3, 1, 2]","[4, 1, 2]","[5, 1, 2]","[6, 3, 6]","[7, 2, 4]","[8, 0, 0]","[9, 0, 0]"
134,"[0, 1, 2]","[1, 0, 0]","[2, 2, 10]","[3, 1, 2]","[4, 0, 0]","[5, 1, 2]","[6, 3, 6]","[7, 2, 4]","[8, 0, 0]","[9, 0, 0]"
135,"[0, 1, 2]","[1, 0, 0]","[2, 2, 10]","[3, 2, 4]","[4, 0, 0]","[5, 1, 2]","[6, 3, 6]","[7, 2, 4]","[8, 0, 0]","[9, 0, 0]"
136,"[0, 1, 2]","[1, 0, 0]","[2, 2, 10]","[3, 2, 4]","[4, 1, 2]","[5, 1, 2]","[6, 3, 6]","[7, 2, 4]","[8, 0, 0]","[9, 0, 0]"
137,"[0, 1, 2]","[1, 0, 0]","[2, 2, 10]","[3, 3, 6]","[4, 1, 2]","[5, 1, 2]","[6, 3, 6]","[7, 2, 4]","[8, 0, 0]","[9, 0, 0]"
138,"[0, 1, 2]","[1, 0, 0]","[2, 2, 10]","[3, 3, 6]","[4, 1, 2]","[5, 1, 2]","[6, 3, 6]","[7, 2, 4]","[8, 0, 0]","[9, 1, 2]"
139,"[0, 1, 2]","[1, 0, 0]","[2, 2, 10]","[3, 3, 6]","[4, 1, 2]","[5, 1, 2]","[6, 3, 6]","[7, 2, 4]","[8, 0, 0]","[9, 0, 0]"
140,"[0, 1, 2]","[1, 0, 0]","[2, 2, 10]","[3, 2, 4]","[4, 1, 2]","[5, 1, 2]","[6, 3, 6]","[7, 2, 4]","[8, 0, 0]","[9, 0, 0]"
141,"[0, 1, 2]","[1, 0, 0]","[2, 2, 10]","[3, 2, 4]","[4, 0, 0]","[5, 1, 2]","[6, 3, 6]","[7, 2, 4]","[8, 0, 0]","[9, 0, 0]"
142,"[0, 1, 2]","[1, 0, 0]","[2, 2, 10]","[3, 1, 2]","[4, 0, 0]","[5, 1, 2]","[6, 3, 6]","[7, 2, 4]","[8, 0, 0]","[9, 0, 0]"
143,"[0, 1, 2]","[1, 0, 0]","[2, 2, 10]","[3, 1, 2]","[4, 1, 2]","[5, 1, 2]","[6, 3, 6]","[7, 2, 4]","[8, 0, 0]","[9, 0, 0]"
144,"[0, 1, 2]","[1, 0, 0]","[2, 2, 10]","[3, 2, 4]","[4, 1, 2]","[5, 1, 2]","[6, 3, 6]","[7, 2, 4]","[8, 0, 0]","[9, 0, 0]"
145,"[0, 1, 2]","[1, 0, 0]","[2, 2, 10]","[3, 2, 4]","[4, 0, 0]","[5, 1, 2]","[6, 3, 6]","[7, 2, 4]","[8, 0, 0]","[9, 0, 0]"
146,"[0, 1, 2]","[1, 0, 0]","[2, 2, 10]","[3, 2, 4]","[4, 0, 0]","[5, 1, 2]","[6, 2, 4]","[7, 2, 4]","[8, 0, 0]","[9, 0, 0]"
147,"[0, 1, 2]","[1, 0, 0]","[2, 2, 10]","[3, 3, 6]","[4, 0, 0]","[5, 1, 2]","[6, 2, 4]","[7, 2, 4]","[8, 0, 0]","[9, 0, 0]"
148,"[0, 1, 2]","[1, 0, 0]","[2, 2, 10]","[3, 2, 4]","[4, 0, 0]","[5, 1, 2]","[6, 2, 4]","[7, 2, 4]","[8, 0, 0]","[9, 0, 0]"
149,"[0, 1, 2]","[1, 0, 0]","[2, 2, 10]","[3, 3, 6]","[4, 0, 0]","[5, 1, 2]","[6, 2, 4]","[7, 2, 4]","[8, 0, 0]","[9, 0, 0]"
150,"[0, 1, 2]","[1, 0, 0]","[2, 2, 10]","[3, 2, 4]","[4, 0, 0]","[5, 1, 2]","[6, 2, 4]","[7, 2, 4]","[8, 0, 0]","[9, 0, 0]"
151,"[0, 1, 2]","[1, 0, 0]","[2, 2, 10]","[3, 2, 4]","[4, 0, 0]","[5, 1, 2]","[6, 2, 4]","[7, 2, 4]","[8, 0, 0]","[9, 1, 2]"
152,"[0, 1, 2]","[1, 0, 0]","[2, 2, 10]","[3, 2, 4]","[4, 0, 0]","[5, 1, 2]","[6, 2, 4]","[7, 2, 4]","[8, 0, 0]","[9, 1, 2]"
153,"[0, 1, 2]","[1, 0, 0]","[2, 2, 10]","[3, 2, 4]","[4, 0, 0]","[5, 1, 2]","[6, 2, 4]","[7, 2, 4]","[8, 0, 0]","[9, 1, 2]"
154,"[0, 1, 2]","[1, 0, 0]","[2, 2, 10]","[3, 3, 6]","[4, 0, 0]","[5, 1, 2]","[6, 2, 4]","[7, 2, 4]","[8, 0, 0]","[9, 1, 2]"
155,"[0, 1, 2]","[1, 0, 0]","[2, 2, 10]","[3, 2, 4]","[4, 0, 0]","[5, 1, 2]","[6, 2, 4]","[7, 2, 4]","[8, 0, 0]","[9, 1, 2]"
156,"[0, 1, 2]","[1, 0, 0]","[2, 2, 10]","[3, 2, 4]","[4, 0, 0]","[5, 1, 2]","[6, 2, 4]","[7, 2, 4]","[8, 0, 0]","[9, 0, 0]"
157,"[0, 1, 2]","[1, 0, 0]","[2, 2, 10]","[3, 2, 4]","[4, 0, 0]","[5, 1, 2]","[6, 2, 4]","[7, 2, 4]","[8, 0, 0]","[9, 1, 2]"
158,"[0, 1, 2]","[1, 0, 0]","[2, 2, 10]","[3, 3, 6]","[4, 0, 0]","[5, 1, 2]","[6, 2, 4]","[7, 2, 4]","[8, 0, 0]","[9, 1, 2]"
159,"[0, 1, 2]","[1, 0, 0]","[2, 2, 10]","[3, 2, 4]","[4, 0, 0]","[5, 1, 2]","[6, 2, 4]","[7, 2, 4]","[8, 0, 0]","[9, 1, 2]"
160,"[0, 1, 2]","[1, 0, 0]","[2, 2, 10]","[3, 2, 4]","[4, 0, 0]","[5, 1, 2]","[6, 2, 4]","[7, 2, 4]","[8, 0, 0]","[9, 0, 0]"
161,"[0, 1, 2]","[1, 0, 0]","[2, 2, 10]","[3, 2, 4]","[4, 0, 0]","[5, 1, 2]","[6, 2, 4]","[7, 2, 4]","[8, 0, 0]","[9, 0, 0]"
162,"[0, 1, 2]","[1, 0, 0]","[2, 2, 10]","[3, 2, 4]","[4, 0, 0]","[5, 1, 2]","[6, 2, 4]","[7, 2, 4]","[8, 0, 0]","[9, 1, 2]"
163,"[0, 1, 2]","[1, 0, 0]","[2, 2, 10]","[3, 1, 2]","[4, 0, 0]","[5, 1, 2]","[6, 2, 4]","[7, 2, 4]","[8, 0, 0]","[9, 1, 2]"
164,"[0, 1, 2]","[1, 0, 0]","[2, 2, 10]","[3, 1, 2]","[4, 0, 0]","[5, 2, 4]","[6, 2, 4]","[7, 2, 4]","[8, 0, 0]","[9, 1, 2]"
165,"[0, 1, 2]","[1, 0, 0]","[2, 2, 10]","[3, 1, 2]","[4, 0, 0]","[5, 1, 2]","[6, 2, 4]","[7, 2, 4]","[8, 0, 0]","[9, 1, 2]"
166,"[0, 1, 2]","[1, 0, 0]","[2, 2, 10]","[3, 1, 2]","[4, 1, 2]","[5, 1, 2]","[6, 2, 4]","[7, 2, 4]","[8, 0, 0]","[9, 1, 2]"
167,"[0, 1, 2]","[1, 0, 0]","[2, 2, 10]","[3, 1, 2]","[4, 1, 2]","[5, 1, 2]","[6, 2, 4]","[7, 2, 4]","[8, 1, 2]","[9, 1, 2]"
168,"[0, 1, 2]","[1, 0, 0]","[2, 2, 10]","[3, 1, 2]","[4, 1, 2]","[5, 1, 2]","[6, 2, 4]","[7, 2, 4]","[8, 0, 0]","[9, 1, 2]"
169,"[0, 1, 2]","[1, 0, 0]","[2, 2, 10]","[3, 1, 2]","[4, 0, 0]","[5, 1, 2]","[6, 2, 4]","[7, 2, 4]","[8, 0, 0]","[9, 1, 2]"
170,"[0, 1, 2]","[1, 0, 0]","[2, 2, 10]","[3, 1, 2]","[4, 0, 0]","[5, 1, 2]","[6, 2, 4]","[7, 2, 4]","[8, 0, 0]","[9, 1, 2]"
171,"[0, 1, 2]","[1, 0, 0]","[2, 2, 10]","[3, 1, 2]","[4, 0, 0]","[5, 1, 2]","[6, 2, 4]","[7, 2, 4]","[8, 1, 2]","[9, 1, 2]"
172,"[0, 1, 2]","[1, 0, 0]","[2, 2, 10]","[3, 1, 2]","[4, 0, 0]","[5, 1, 2]","[6, 2, 4]","[7, 2, 4]","[8, 1, 2]","[9, 2, 4]"
173,"[0, 1, 2]","[1, 0, 0]","[2, 2, 10]","[3, 2, 4]","[4, 0, 0]","[5, 1, 2]","[6, 2, 4]","[7, 2, 4]","[8, 1, 2]","[9, 2, 4]"
174,"[0, 1, 2]","[1, 0, 0]","[2, 2, 10]","[3, 3, 6]","[4, 0, 0]","[5, 1, 2]","[6, 2, 4]","[7, 2, 4]","[8, 1, 2]","[9, 2, 4]"
175,"[0, 1, 2]","[1, 0, 0]","[2, 2, 10]","[3, 2, 4]","[4, 0, 0]","[5, 1, 2]","[6, 2, 4]","[7, 2, 4]","[8, 1, 2]","[9, 2, 4]"
176,"[0, 1, 2]","[1, 0, 0]","[2, 2, 10]","[3, 3, 6]","[4, 0, 0]","[5, 1, 2]","[6, 2, 4]","[7, 2, 4]","[8, 1, 2]","[9, 2, 4]"
177,"[0, 1, 2]","[1, 0, 0]","[2, 2, 10]","[3, 2, 4]","[4, 0, 0]","[5, 1, 2]","[6, 2, 4]","[7, 2, 4]","[8, 1, 2]","[9, 2, 4]"
178,"[0, 1, 2]","[1, 0, 0]","[2, 2, 10]","[3, 2, 4]","[4, 0, 0]","[5, 1, 2]","[6, 2, 4]","[7, 2, 4]","[8, 1, 2]","[9, 2, 4]"
179,"[0, 1, 2]","[1, 0, 0]","[2, 2, 10]","[3, 2, 4]","[4, 0, 0]","[5, 1, 2]","[6, 2, 4]","[7, 2, 4]","[8, 1, 2]","[9, 3, 6]"
180,"[0, 1, 2]","[1, 0, 0]","[2, 2, 10]","[3, 3, 6]","[4, 0, 0]","[5, 1, 2]","[6, 2, 4]","[7, 2, 4]","[8, 1, 2]","[9, 3, 6]"
181,"[0, 1, 2]","[1, 0, 0]","[2, 2, 10]","[3, 3, 6]","[4, 0, 0]","[5, 1, 2]","[6, 2, 4]","[7, 2, 4]","[8, 1, 2]","[9, 4, 8]"
182,"[0, 1, 2]","[1, 0, 0]","[2, 2, 10]","[3, 3, 6]","[4, 1, 2]","[5, 1, 2]","[6, 2, 4]","[7, 2, 4]","[8, 1, 2]","[9, 4, 8]"
183,"[0, 1, 2]","[1, 0, 0]","[2, 2, 10]","[3, 3, 6]","[4, 0, 0]","[5, 1, 2]","[6, 2, 4]","[7, 2, 4]","[8, 1, 2]","[9, 4, 8]"
184,"[0, 1, 2]","[1, 0, 0]","[2, 2, 10]","[3, 2, 4]","[4, 0, 0]","[5, 1, 2]","[6, 2, 4]","[7, 2, 4]","[8, 1, 2]","[9, 4, 8]"
185,"[0, 1, 2]","[1, 0, 0]","[2, 2, 10]","[3, 3, 6]","[4, 0, 0]","[5, 1, 2]","[6, 2, 4]","[7, 2, 4]","[8, 1, 2]","[9, 4, 8]"
186,"[0, 1, 2]","[1, 0, 0]","[2, 2, 10]","[3, 2, 4]","[4, 0, 0]","[5, 1, 2]","[6, 2, 4]","[7, 2, 4]","[8, 1, 2]","[9, 4, 8]"
187,"[0, 1, 2]","[1, 0, 0]","[2, 2, 10]","[3, 2, 4]","[4, 0, 0]","[5, 1, 2]","[6, 2, 4]","[7, 2, 4]","[8, 1, 2]","[9, 4, 8]"
188,"[0, 1, 2]","[1, 0, 0]","[2, 2, 10]","[3, 2, 4]","[4, 0, 0]","[5, 1, 2]","[6, 2, 4]","[7, 2, 4]","[8, 1, 2]","[9, 5, 10]"
189,"[0, 1, 2]","[1, 0, 0]","[2, 2, 10]","[3, 2, 4]","[4, 0, 0]","[5, 1, 2]","[6, 2, 4]","[7, 2, 4]","[8, 1, 2]","[9, 4, 8]"
190,"[0, 1, 2]","[1, 0, 0]","[2, 2, 10]","[3, 2, 4]","[4, 0, 0]","[5, 1, 2]","[6, 2, 4]","[7, 2, 4]","[8, 1, 2]","[9, 3, 6]"
191,"[0, 1, 2]","[1, 0, 0]","[2, 2, 10]","[3, 1, 2]","[4, 0, 0]","[5, 1, 2]","[6, 2, 4]","[7, 2, 4]","[8, 1, 2]","[9, 3, 6]"
192,"[0, 1, 2]","[1, 0, 0]","[2, 2, 10]","[3, 1, 2]","[4, 0, 0]","[5, 1, 2]","[6, 2, 4]","[7, 2, 4]","[8, 1, 2]","[9, 2, 4]"
193,"[0, 1, 2]","[1, 0, 0]","[2, 2, 10]","[3, 1, 2]","[4, 0, 0]","[5, 1, 2]","[6, 2, 4]","[7, 2, 4]","[8, 1, 2]","[9, 1, 2]"
194,"[0, 2, 6]","[1, 0, 0]","[2, 2, 10]","[3, 1, 2]","[4, 0, 0]","[5, 1, 2]","[6, 2, 4]","[7, 2, 4]","[8, 1, 2]","[9, 1, 2]"
195,"[0, 1, 2]","[1, 0, 0]","[2, 2, 10]","[3, 1, 2]","[4, 0, 0]","[5, 1, 2]","[6, 2, 4]","[7, 2, 4]","[8, 1, 2]","[9, 1, 2]"
196,"[0, 1, 2]","[1, 0, 0]","[2, 2, 10]","[3, 1, 2]","[4, 0, 0]","[5, 1, 2]","[6, 2, 4]","[7, 1, 2]","[8, 1, 2]","[9, 1, 2]"
197,"[0, 1, 2]","[1, 0, 0]","[2, 2, 10]","[3, 1, 2]","[4, 1, 2]","[5, 1, 2]","[6, 2, 4]","[7, 1, 2]","[8, 1, 2]","[9, 1, 2]"
198,"[0, 1, 2]","[1, 0, 0]","[2, 2, 10]","[3, 2, 4]","[4, 1, 2]","[5, 1, 2]","[6, 2, 4]","[7, 1, 2]","[8, 1, 2]","[9, 1, 2]"
199,"[0, 1, 2]","[1, 0, 0]","[2, 2, 10]","[3, 1, 2]","[4, 1, 2]","[5, 1, 2]","[6, 2, 4]","[7, 1, 2]","[8, 1, 2]","[9, 1, 2]"
200,"[0, 1, 2]","[1, 0, 0]","[2, 2, 10]","[3, 1, 2]","[4, 0, 0]","[5, 1, 2]","[6, 2, 4]","[7, 1, 2]","[8, 1, 2]","[9, 1, 2]"
201,"[0, 1, 2]","[1, 0, 0]","[2, 2, 10]","[3, 2, 4]","[4, 0, 0]","[5, 1, 2]","[6, 2, 4]","[7, 1, 2]","[8, 1, 2]","[9, 1, 2]"
202,"[0, 1, 2]","[1, 0, 0]","[2, 2, 10]","[3, 2, 4]","[4, 0, 0]","[5, 1, 2]","[6, 2, 4]","[7, 1, 2]","[8, 2, 4]","[9, 1, 2]"
203,"[0, 1, 2]","[1, 0, 0]","[2, 2, 10]","[3, 2, 4]","[4, 0, 0]","[5, 1, 2]","[6, 2, 4]","[7, 1, 2]","[8, 2, 4]","[9, 1, 2]"
204,"[0, 1, 2]","[1, 0, 0]","[2, 2, 10]","[3, 3, 6]","[4, 0, 0]","[5, 1, 2]","[6, 2, 4]","[7, 1, 2]","[8, 2, 4]","[9, 1, 2]"
205,"[0, 1, 2]","[1, 0, 0]","[2, 2, 10]","[3, 4, 8]","[4, 0, 0]","[5, 1, 2]","[6, 2, 4]","[7, 1, 2]","[8, 2, 4]","[9, 1, 2]"
206,"[0, 1, 2]","[1, 0, 0]","[2, 2, 10]","[3, 3, 6]","[4, 0, 0]","[5, 1, 2]","[6, 2, 4]","[7, 1, 2]","[8, 2, 4]","[9, 1, 2]"
207,"[0, 1, 2]","[1, 0, 0]","[2, 2, 10]","[3, 3, 6]","[4, 0, 0]","[5, 1, 2]","[6, 2, 4]","[7, 1, 2]","[8, 2, 4]","[9, 2, 4]"
208,"[0, 1, 2]","[1, 0, 0]","[2, 2, 10]","[3, 4, 8]","[4, 0, 0]","[5, 1, 2]","[6, 2, 4]","[7, 1, 2]","[8, 2, 4]","[9, 2, 4]"
209,"[0, 1, 2]","[1, 0, 0]","[2, 2, 10]","[3, 4, 8]","[4, 0, 0]","[5, 1, 2]","[6, 2, 4]","[7, 1, 2]","[8, 2, 4]","[9, 2, 4]"
210,"[0, 1, 2]","[1, 0, 0]","[2, 2, 10]","[3, 4, 8]","[4, 1, 2]","[5, 1, 2]","[6, 2, 4]","[7, 1, 2]","[8, 2, 4]","[9, 2, 4]"
211,"[0, 1, 2]","[1, 0, 0]","[2, 2, 10]","[3, 3, 6]","[4, 1, 2]","[5, 1, 2]","[6, 2, 4]","[7, 1, 2]","[8, 2, 4]","[9, 2, 4]"
212,"[0, 1, 2]","[1, 0, 0]","[2, 2, 10]","[3, 4, 8]","[4, 1, 2]","[5, 1, 2]","[6, 2, 4]","[7, 1, 2]","[8, 2, 4]","[9, 2, 4]"
213,"[0, 1, 2]","[1, 0, 0]","[2, 2, 10]","[3, 4, 8]","[4, 1, 2]","[5, 1, 2]","[6, 2, 4]","[7, 1, 2]","[8, 2, 4]","[9, 3, 6]"
214,"[0, 1, 2]","[1, 0, 0]","[2, 2, 10]","[3, 4, 8]","[4, 1, 2]","[5, 1, 2]","[6, 2, 4]","[7, 1, 2]","[8, 2, 4]","[9, 3, 6]"
215,"[0, 1, 2]","[1, 0, 0]","[2, 2, 10]","[3, 4, 8]","[4, 1, 2]","[5, 1, 2]","[6, 2, 4]","[7, 1, 2]","[8, 2, 4]","[9, 3, 6]"
216,"[0, 1, 2]","[1, 0, 0]","[2, 2, 10]","[3, 4, 8]","[4, 1, 2]","[5, 1, 2]","[6, 2, 4]","[7, 1, 2]","[8, 2, 4]","[9, 3, 6]"
217,"[0, 1, 2]","[1, 0, 0]","[2, 2, 10]","[3, 4, 8]","[4, 1, 2]","[5, 1, 2]","[6, 2, 4]","[7, 1, 2]","[8, 2, 4]","[9, 3, 6]"
218,"[0, 1, 2]","[1, 0, 0]","[2, 2, 10]","[3, 3, 6]","[4, 1, 2]","[5, 1, 2]","[6, 2, 4]","[7, 1, 2]","[8, 2, 4]","[9, 3, 6]"
219,"[0, 1, 2]","[1, 0, 0]","[2, 2, 10]","[3, 4, 8]","[4, 1, 2]","[5, 1, 2]","[6, 2, 4]","[7, 1, 2]","[8, 2, 4]","[9, 3, 6]"
220,"[0, 1, 2]","[1, 0, 0]","[2, 2, 10]","[3, 4, 8]","[4, 1, 2]","[5, 1, 2]","[6, 2, 4]","[7, 1, 2]","[8, 2, 4]","[9, 2, 4]"
221,"[0, 1, 2]","[1, 0, 0]","[2, 2, 10]","[3, 3, 6]","[4, 1, 2]","[5, 1, 2]","[6, 2, 4]","[7, 1, 2]","[8, 2, 4]","[9, 2, 4]"
222,"[0, 1, 2]","[1, 0, 0]","[2, 2, 10]","[3, 3, 6]","[4, 1, 2]","[5, 2, 4]","[6, 2, 4]","[7, 1, 2]","[8, 2, 4]","[9, 2, 4]"
223,"[0, 1, 2]","[1, 0, 0]","[2, 2, 10]","[3, 3, 6]","[4, 1, 2]","[5, 1, 2]","[6, 2, 4]","[7, 1, 2]","[8, 2, 4]","[9, 2, 4]"
224,"[0, 1, 2]","[1, 0, 0]","[2, 2, 10]","[3, 4, 8]","[4, 1, 2]","[5, 1, 2]","[6, 2, 4]","[7, 1, 2]","[8, 2, 4]","[9, 2, 4]"
225,"[0, 1, 2]","[1, 0, 0]","[2, 2, 10]","[3, 3, 6]","[4, 1, 2]","[5, 1, 2]","[6, 2, 4]","[7, 1, 2]","[8, 2, 4]","[9, 2, 4]"
226,"[0, 1, 2]","[1, 0, 0]","[2, 2, 10]","[3, 3, 6]","[4, 1, 2]","[5, 1, 2]","[6, 2, 4]","[7, 1, 2]","[8, 2, 4]","[9, 1, 2]"
227,"[0, 1, 2]","[1, 0, 0]","[2, 2, 10]","[3, 3, 6]","[4, 1, 2]","[5, 1, 2]","[6, 2, 4]","[7, 1, 2]","[8, 2, 4]","[9, 2, 4]"
228,"[0, 1, 2]","[1, 0, 0]","[2, 2, 10]","[3, 3, 6]","[4, 2, 4]","[5, 1, 2]","[6, 2, 4]","[7, 1, 2]","[8, 2, 4]","[9, 2, 4]"
229,"[0, 1, 2]","[1, 0, 0]","[2, 2, 10]","[3, 3, 6]","[4, 1, 2]","[5, 1, 2]","[6, 2, 4]","[7, 1, 2]","[8, 2, 4]","[9, 2, 4]"
230,"[0, 1, 2]","[1, 0, 0]","[2, 2, 10]","[3, 3, 6]","[4, 1, 2]","[5, 1, 2]","[6, 2, 4]","[7, 1, 2]","[8, 2, 4]","[9, 1, 2]"
231,"[0, 1, 2]","[1, 0, 0]","[2, 2, 10]","[3, 2, 4]","[4, 1, 2]","[5, 1, 2]","[6, 2, 4]","[7, 1, 2]","[8, 2, 4]","[9, 1, 2]"
232,"[0, 1, 2]","[1, 0, 0]","[2, 2, 10]","[3, 2, 4]","[4, 0, 0]","[5, 1, 2]","[6, 2, 4]","[7, 1, 2]","[8, 2, 4]","[9, 1, 2]"
233,"[0, 1, 2]","[1, 0, 0]","[2, 2, 10]","[3, 2, 4]","[4, 0, 0]","[5, 1, 2]","[6, 2, 4]","[7, 1, 2]","[8, 1, 2]","[9, 1, 2]"
234,"[0, 1, 2]","[1, 0, 0]","[2, 2, 10]","[3, 2, 4]","[4, 0, 0]","[5, 1, 2]","[6, 2, 4]","[7, 1, 2]","[8, 1, 2]","[9, 1, 2]"
235,"[0, 1, 2]","[1, 0, 0]","[2, 2, 10]","[3, 1, 2]","[4, 0, 0]","[5, 1, 2]","[6, 2, 4]","[7, 1, 2]","[8, 1, 2]","[9, 1, 2]"
236,"[0, 1, 2]","[1, 0, 0]","[2, 2, 10]","[3, 1, 2]","[4, 0, 0]","[5, 1, 2]","[6, 3, 6]","[7, 1, 2]","[8, 1, 2]","[9, 1, 2]"
237,"[0, 1, 2]","[1, 0, 0]","[2, 2, 10]","[3, 1, 2]","[4, 0, 0]","[5, 1, 2]","[6, 4, 8]","[7, 1, 2]","[8, 1, 2]","[9, 1, 2]"
238,"[0, 1, 2]","[1, 0, 0]","[2, 2, 10]","[3, 1, 2]","[4, 0, 0]","[5, 1, 2]","[6, 3, 6]","[7, 1, 2]","[8, 1, 2]","[9, 1, 2]"
239,"[0, 1, 2]","[1, 0, 0]","[2, 2, 10]","[3, 1, 2]","[4, 0, 0]","[5, 1, 2]","[6, 2, 4]","[7, 1, 2]","[8, 1, 2]","[9, 1, 2]"
240,"[0, 1, 2]","[1, 0, 0]","[2, 2, 10]","[3, 2, 4]","[4, 0, 0]","[5, 1, 2]","[6, 2, 4]","[7, 1, 2]","[8, 1, 2]","[9, 1, 2]"
241,"[0, 1, 2]","[1, 0, 0]","[2, 2, 10]","[3, 1, 2]","[4, 0, 0]","[5, 1, 2]","[6, 2, 4]","[7, 1, 2]","[8, 1, 2]","[9, 1, 2]"
242,"[0, 1, 2]","[1, 0, 0]","[2, 2, 10]","[3, 1, 2]","[4, 0, 0]","[5, 1, 2]","[6, 2, 4]","[7, 1, 2]","[8, 1, 2]","[9, 1, 2]"
243,"[0, 1, 2]","[1, 0, 0]","[2, 2, 10]","[3, 1, 2]","[4, 0, 0]","[5, 1, 2]","[6, 2, 4]","[7, 1, 2]","[8, 2, 4]","[9, 1, 2]"
244,"[0, 1, 2]","[1, 0, 0]","[2, 2, 10]","[3, 2, 4]","[4, 0, 0]","[5, 1, 2]","[6, 2, 4]","[7, 1, 2]","[8, 2, 4]","[9, 1, 2]"
245,"[0, 1, 2]","[1, 0, 0]","[2, 2, 10]","[3, 2, 4]","[4, 1, 2]","[5, 1, 2]","[6, 2, 4]","[7, 1, 2]","[8, 2, 4]","[9, 1, 2]"
246,"[0, 1, 2]","[1, 0, 0]","[2, 2, 10]","[3, 1, 2]","[4, 1, 2]","[5, 1, 2]","[6, 2, 4]","[7, 1, 2]","[8, 2, 4]","[9, 1, 2]"
247,"[0, 1, 2]","[1, 0, 0]","[2, 2, 10]","[3, 1, 2]","[4, 1, 2]","[5, 1, 2]","[6, 2, 4]","[7, 1, 2]","[8, 1, 2]","[9, 1, 2]"
248,"[0, 1, 2]","[1, 1, 2]","[2, 2, 10]","[3, 1, 2]","[4, 1, 2]","[5, 1, 2]","[6, 2, 4]","[7, 1, 2]","[8, 1, 2]","[9, 1, 2]"
249,"[0, 1, 2]","[1, 1, 2]","[2, 2, 10]","[3, 1, 2]","[4, 1, 2]","[5, 1, 2]","[6, 2, 4]","[7, 1, 2]","[8, 1, 2]","[9, 1, 2]"
250,"[0, 1, 2]","[1, 1, 2]","[2, 2, 10]","[3, 1, 2]","[4, 1, 2]","[5, 1, 2]","[6, 2, 4]","[7, 1, 2]","[8, 1, 2]","[9, 1, 2]"
251,"[0, 1, 2]","[1, 1, 2]","[2, 2, 10]","[3, 2, 4]","[4, 1, 2]","[5, 1, 2]","[6, 2, 4]","[7, 1, 2]","[8, 1, 2]","[9, 1, 2]"
252,"[0, 1, 2]","[1, 0, 0]","[2, 2, 10]","[3, 2, 4]","[4, 1, 2]","[5, 1, 2]","[6, 2, 4]","[7, 1, 2]","[8, 1, 2]","[9, 1, 2]"
253,"[0, 1, 2]","[1, 0, 0]","[2, 2, 10]","[3, 2, 4]","[4, 1, 2]","[5, 1, 2]","[6, 2, 4]","[7, 1, 2]","[8, 1, 2]","[9, 1, 2]"
254,"[0, 1, 2]","[1, 0, 0]","[2, 2, 10]","[3, 2, 4]","[4, 0, 0]","[5, 1, 2]","[6, 2, 4]","[7, 1, 2]","[8, 1, 2]","[9, 1, 2]"
255,"[0, 1, 2]","[1, 0, 0]","[2, 2, 10]","[3, 2, 4]","[4, 0, 0]","[5, 1, 2]","[6, 3, 6]","[7, 1, 2]","[8, 1, 2]","[9, 1, 2]"
256,"[0, 1, 2]","[1, 0, 0]","[2, 2, 10]","[3, 2, 4]","[4, 0, 0]","[5, 1, 2]","[6, 3, 6]","[7, 2, 4]","[8, 1, 2]","[9, 1, 2]"
257,"[0, 1, 2]","[1, 0, 0]","[2, 2, 10]","[3, 2, 4]","[4, 0, 0]","[5, 1, 2]","[6, 3, 6]","[7, 2, 4]","[8, 0, 0]","[9, 1, 2]"
258,"[0, 1, 2]","[1, 0, 0]","[2, 2, 10]","[3, 2, 4]","[4, 0, 0]","[5, 1, 2]","[6, 3, 6]","[7, 1, 2]","[8, 0, 0]","[9, 1, 2]"
259,"[0, 1, 2]","[1, 0, 0]","[2, 2, 10]","[3, 2, 4]","[4, 0, 0]","[5, 1, 2]","[6, 3, 6]","[7, 1, 2]","[8, 0, 0]","[9, 2, 4]"
260,"[0, 1, 2]","[1, 0, 0]","[2, 2, 10]","[3, 2, 4]","[4, 0, 0]","[5, 1, 2]","[6, 3, 6]","[7, 1, 2]","[8, 0, 0]","[9, 2, 4]"
261,"[0, 1, 2]","[1, 0, 0]","[2, 2, 10]","[3, 2, 4]","[4, 0, 0]","[5, 1, 2]","[6, 3, 6]","[7, 1, 2]","[8, 0, 0]","[9, 3, 6]"
262,"[0, 1, 2]","[1, 0, 0]","[2, 2, 10]","[3, 2, 4]","[4, 0, 0]","[5, 1, 2]","[6, 3, 6]","[7, 2, 4]","[8, 0, 0]","[9, 3, 6]"
263,"[0, 1, 2]","[1, 0, 0]","[2, 2, 10]","[3, 2, 4]","[4, 0, 0]","[5, 1, 2]","[6, 3, 6]","[7, 2, 4]","[8, 0, 0]","[9, 3, 6]"
264,"[0, 1, 2]","[1, 0, 0]","[2, 2, 10]","[3, 2, 4]","[4, 0, 0]","[5, 1, 2]","[6, 3, 6]","[7, 2, 4]","[8, 0, 0]","[9, 2, 4]"
265,"[0, 1, 2]","[1, 0, 0]","[2, 2, 10]","[3, 2, 4]","[4, 1, 2]","[5, 1, 2]","[6, 3, 6]","[7, 2, 4]","[8, 0, 0]","[9, 2, 4]"
266,"[0, 1, 2]","[1, 0, 0]","[2, 2, 10]","[3, 2, 4]","[4, 1, 2]","[5, 1, 2]","[6, 2, 4]","[7, 2, 4]","[8, 0, 0]","[9, 2, 4]"
267,"[0, 1, 2]","[1, 0, 0]","[2, 2, 10]","[3, 2, 4]","[4, 1, 2]","[5, 1, 2]","[6, 2, 4]","[7, 2, 4]","[8, 0, 0]","[9, 2, 4]"
268,"[0, 1, 2]","[1, 0, 0]","[2, 2, 10]","[3, 2, 4]","[4, 2, 4]","[5, 1, 2]","[6, 2, 4]","[7, 2, 4]","[8, 0, 0]","[9, 2, 4]"
269,"[0, 1, 2]","[1, 0, 0]","[2, 2, 10]","[3, 2, 4]","[4, 1, 2]","[5, 1, 2]","[6, 2, 4]","[7, 2, 4]","[8, 0, 0]","[9, 2, 4]"
270,"[0, 1, 2]","[1, 0, 0]","[2, 2, 10]","[3, 2, 4]","[4, 1, 2]","[5, 2, 4]","[6, 2, 4]","[7, 2, 4]","[8, 0, 0]","[9, 2, 4]"
271,"[0, 1, 2]","[1, 0, 0]","[2, 2, 10]","[3, 2, 4]","[4, 0, 0]","[5, 2, 4]","[6, 2, 4]","[7, 2, 4]","[8, 0, 0]","[9, 2, 4]"
272,"[0, 1, 2]","[1, 0, 0]","[2, 2, 10]","[3, 2, 4]","[4, 0, 0]","[5, 3, 6]","[6, 2, 4]","[7, 2, 4]","[8, 0, 0]","[9, 2, 4]"
273,"[0, 1, 2]","[1, 0, 0]","[2, 2, 10]","[3, 2, 4]","[4, 0, 0]","[5, 2, 4]","[6, 2, 4]","[7, 2, 4]","[8, 0, 0]","[9, 2, 4]"
274,"[0, 0, 0]","[1, 0, 0]","[2, 2, 10]","[3, 2, 4]","[4, 0, 0]","[5, 2, 4]","[6, 2, 4]","[7, 2, 4]","[8, 0, 0]","[9, 2, 4]"
275,"[0, 0, 0]","[1, 0, 0]","[2, 2, 10]","[3, 2, 4]","[4, 1, 2]","[5, 2, 4]","[6, 2, 4]","[7, 2, 4]","[8, 0, 0]","[9, 2, 4]"
276,"[0, 0, 0]","[1, 0, 0]","[2, 2, 10]","[3, 2, 4]","[4, 0, 0]","[5, 2, 4]","[6, 2, 4]","[7, 2, 4]","[8, 0, 0]","[9, 2, 4]"
277,"[0, 0, 0]","[1, 0, 0]","[2, 2, 10]","[3, 2, 4]","[4, 0, 0]","[5, 2, 4]","[6, 2, 4]","[7, 3, 6]","[8, 0, 0]","[9, 2, 4]"
278,"[0, 0, 0]","[1, 0, 0]","[2, 2, 10]","[3, 2, 4]","[4, 0, 0]","[5, 2, 4]","[6, 2, 4]","[7, 2, 4]","[8, 0, 0]","[9, 2, 4]"
279,"[0, 0, 0]","[1, 0, 0]","[2, 2, 10]","[3, 2, 4]","[4, 1, 2]","[5, 2, 4]","[6, 2, 4]","[7, 2, 4]","[8, 0, 0]","[9, 2, 4]"
280,"[0, 0, 0]","[1, 0, 0]","[2, 2, 10]","[3, 2, 4]","[4, 0, 0]","[5, 2, 4]","[6, 2, 4]","[7, 2, 4]","[8, 0, 0]","[9, 2, 4]"
281,"[0, 0, 0]","[1, 0, 0]","[2, 2, 10]","[3, 2, 4]","[4, 0, 0]","[5, 2, 4]","[6, 2, 4]","[7, 2, 4]","[8, 0, 0]","[9, 2, 4]"
282,"[0, 0, 0]","[1, 0, 0]","[2, 2, 10]","[3, 2, 4]","[4, 1, 2]","[5, 2, 4]","[6, 2, 4]","[7, 2, 4]","[8, 0, 0]","[9, 2, 4]"
283,"[0, 0, 0]","[1, 0, 0]","[2, 2, 10]","[3, 2, 4]","[4, 0, 0]","[5, 2, 4]","[6, 2, 4]","[7, 2, 4]","[8, 0, 0]","[9, 2, 4]"
284,"[0, 0, 0]","[1, 0, 0]","[2, 2, 10]","[3, 2, 4]","[4, 0, 0]","[5, 2, 4]","[6, 2, 4]","[7, 2, 4]","[8, 0, 0]","[9, 2, 4]"
285,"[0, 0, 0]","[1, 0, 0]","[2, 2, 10]","[3, 2, 4]","[4, 0, 0]","[5, 1, 2]","[6, 2, 4]","[7, 2, 4]","[8, 0, 0]","[9, 2, 4]"
286,"[0, 0, 0]","[1, 0, 0]","[2, 2, 10]","[3, 2, 4]","[4, 0, 0]","[5, 1, 2]","[6, 2, 4]","[7, 1, 2]","[8, 0, 0]","[9, 2, 4]"
287,"[0, 0, 0]","[1, 0, 0]","[2, 2, 10]","[3, 2, 4]","[4, 0, 0]","[5, 1, 2]","[6, 3, 6]","[7, 1, 2]","[8, 0, 0]","[9, 2, 4]"
288,"[0, 0, 0]","[1, 0, 0]","[2, 2, 10]","[3, 2, 4]","[4, 0, 0]","[5, 1, 2]","[6, 3, 6]","[7, 1, 2]","[8, 0, 0]","[9, 1, 2]"
289,"[0, 0, 0]","[1, 0, 0]","[2, 2, 10]","[3, 2, 4]","[4, 0, 0]","[5, 1, 2]","[6, 3, 6]","[7, 1, 2]","[8, 0, 0]","[9, 1, 2]"
290,"[0, 0, 0]","[1, 0, 0]","[2, 2, 10]","[3, 2, 4]","[4, 0, 0]","[5, 1, 2]","[6, 3, 6]","[7, 1, 2]","[8, 0, 0]","[9, 1, 2]"
291,"[0, 0, 0]","[1, 0, 0]","[2, 2, 10]","[3, 2, 4]","[4, 1, 2]","[5, 1, 2]","[6, 3, 6]","[7, 1, 2]","[8, 0, 0]","[9, 1, 2]"
292,"[0, 0, 0]","[1, 0, 0]","[2, 2, 10]","[3, 2, 4]","[4, 2, 4]","[5, 1, 2]","[6, 3, 6]","[7, 1, 2]","[8, 0, 0]","[9, 1, 2]"
293,"[0, 0, 0]","[1, 0, 0]","[2, 2, 10]","[3, 2, 4]","[4, 1, 2]","[5, 1, 2]","[6, 3, 6]","[7, 1, 2]","[8, 0, 0]","[9, 1, 2]"
294,"[0, 0, 0]","[1, 0, 0]","[2, 2, 10]","[3, 2, 4]","[4, 1, 2]","[5, 1, 2]","[6, 3, 6]","[7, 1, 2]","[8, 0, 0]","[9, 1, 2]"
295,"[0, 0, 0]","[1, 0, 0]","[2, 2, 10]","[3, 2, 4]","[4, 1, 2]","[5, 1, 2]","[6, 3, 6]","[7, 1, 2]","[8, 0, 0]","[9, 1, 2]"
296,"[0, 0, 0]","[1, 0, 0]","[2, 2, 10]","[3, 2, 4]","[4, 2, 4]","[5, 1, 2]","[6, 3, 6]","[7, 1, 2]","[8, 0, 0]","[9, 1, 2]"
297,"[0, 0, 0]","[1, 0, 0]","[2, 2, 10]","[3, 2, 4]","[4, 2, 4]","[5, 1, 2]","[6, 3, 6]","[7, 1, 2]","[8, 1, 2]","[9, 1, 2]"
298,"[0, 0, 0]","[1, 0, 0]","[2, 2, 10]","[3, 2, 4]","[4, 2, 4]","[5, 2, 4]","[6, 3, 6]","[7, 1, 2]","[8, 1, 2]","[9, 1, 2]"
299,"[0, 0, 0]","[1, 0, 0]","[2, 2, 10]","[3, 2, 4]","[4, 2, 4]","[5, 2, 4]","[6, 3, 6]","[7, 1, 2]","[8, 1, 2]","[9, 1, 2]"
300,"[0, 0, 0]","[1, 0, 0]","[2, 2, 10]","[3, 2, 4]","[4, 2, 4]","[5, 2, 4]","[6, 3, 6]","[7, 1, 2]","[8, 0, 0]","[9, 1, 2]"
301,"[0, 0, 0]","[1, 0, 0]","[2, 2, 10]","[3, 2, 4]","[4, 2, 4]","[5, 1, 2]","[6, 3, 6]","[7, 1, 2]","[8, 0, 0]","[9, 1, 2]"
302,"[0, 0, 0]","[1, 0, 0]","[2, 2, 10]","[3, 1, 2]","[4, 2, 4]","[5, 1, 2]","[6, 3, 6]","[7, 1, 2]","[8, 0, 0]","[9, 1, 2]"
303,"[0, 0, 0]","[1, 0, 0]","[2, 2, 10]","[3, 1, 2]","[4, 2, 4]","[5, 1, 2]","[6, 3, 6]","[7, 1, 2]","[8, 0, 0]","[9, 1, 2]"
304,"[0, 0, 0]","[1, 0, 0]","[2, 2, 10]","[3, 1, 2]","[4, 2, 4]","[5, 1, 2]","[6, 3, 6]","[7, 1, 2]","[8, 0, 0]","[9, 1, 2]"
305,"[0, 0, 0]","[1, 0, 0]","[2, 2, 10]","[3, 1, 2]","[4, 1, 2]","[5, 1, 2]","[6, 3, 6]","[7, 1, 2]","[8, 0, 0]","[9, 1, 2]"
306,"[0, 0, 0]","[1, 0, 0]","[2, 2, 10]","[3, 1, 2]","[4, 1, 2]","[5, 2, 4]","[6, 3, 6]","[7, 1, 2]","[8, 0, 0]","[9, 1, 2]"
307,"[0, 0, 0]","[1, 0, 0]","[2, 2, 10]","[3, 1, 2]","[4, 1, 2]","[5, 1, 2]","[6, 3, 6]","[7, 1, 2]","[8, 0, 0]","[9, 1, 2]"
308,"[0, 0, 0]","[1, 0, 0]","[2, 2, 10]","[3, 1, 2]","[4, 1, 2]","[5, 2, 4]","[6, 3, 6]","[7, 1, 2]","[8, 0, 0]","[9, 1, 2]"
309,"[0, 0, 0]","[1, 0, 0]","[2, 2, 10]","[3, 1, 2]","[4, 1, 2]","[5, 1, 2]","[6, 3, 6]","[7, 1, 2]","[8, 0, 0]","[9, 1, 2]"
310,"[0, 0, 0]","[1, 0, 0]","[2, 2, 10]","[3, 1, 2]","[4, 1, 2]","[5, 2, 4]","[6, 3, 6]","[7, 1, 2]","[8, 0, 0]","[9, 1, 2]"
311,"[0, 0, 0]","[1, 0, 0]","[2, 2, 10]","[3, 1, 2]","[4, 1, 2]","[5, 1, 2]","[6, 3, 6]","[7, 1, 2]","[8, 0, 0]","[9, 1, 2]"
312,"[0, 0, 0]","[1, 0, 0]","[2, 2, 10]","[3, 1, 2]","[4, 1, 2]","[5, 1, 2]","[6, 3, 6]","[7, 1, 2]","[8, 0, 0]","[9, 1, 2]"
313,"[0, 0, 0]","[1, 0, 0]","[2, 2, 10]","[3, 1, 2]","[4, 1, 2]","[5, 1, 2]","[6, 3, 6]","[7, 1, 2]","[8, 0, 0]","[9, 1, 2]"
314,"[0, 0, 0]","[1, 0, 0]","[2, 2, 10]","[3, 1, 2]","[4, 1, 2]","[5, 1, 2]","[6, 3, 6]","[7, 1, 2]","[8, 0, 0]","[9, 1, 2]"
315,"[0, 0, 0]","[1, 1, 2]","[2, 2, 10]","[3, 1, 2]","[4, 1, 2]","[5, 1, 2]","[6, 3, 6]","[7, 1, 2]","[8, 0, 0]","[9, 1, 2]"
316,"[0, 0, 0]","[1, 0, 0]","[2, 2, 10]","[3, 1, 2]","[4, 1, 2]","[5, 1, 2]","[6, 3, 6]","[7, 1, 2]","[8, 0, 0]","[9, 1, 2]"
317,"[0, 0, 0]","[1, 0, 0]","[2, 2, 10]","[3, 1, 2]","[4, 1, 2]","[5, 1, 2]","[6, 3, 6]","[7, 1, 2]","[8, 0, 0]","[9, 1, 2]"
318,"[0, 0, 0]","[1, 0, 0]","[2, 2, 10]","[3, 1, 2]","[4, 1, 2]","[5, 1, 2]","[6, 3, 6]","[7, 1, 2]","[8, 0, 0]","[9, 1, 2]"
319,"[0, 0, 0]","[1, 0, 0]","[2, 2, 10]","[3, 1, 2]","[4, 2, 4]","[5, 1, 2]","[6, 3, 6]","[7, 1, 2]","[8, 0, 0]","[9, 1, 2]"
320,"[0, 0, 0]","[1, 0, 0]","[2, 2, 10]","[3, 1, 2]","[4, 1, 2]","[5, 1, 2]","[6, 3, 6]","[7, 1, 2]","[8, 0, 0]","[9, 1, 2]"
321,"[0, 0, 0]","[1, 0, 0]","[2, 2, 10]","[3, 1, 2]","[4, 2, 4]","[5, 1, 2]","[6, 3, 6]","[7, 1, 2]","[8, 0, 0]","[9, 1, 2]"
322,"[0, 0, 0]","[1, 0, 0]","[2, 2, 10]","[3, 1, 2]","[4, 1, 2]","[5, 1, 2]","[6, 3, 6]","[7, 1, 2]","[8, 0, 0]","[9, 1, 2]"
323,"[0, 0, 0]","[1, 0, 0]","[2, 2, 10]","[3, 1, 2]","[4, 1, 2]","[5, 1, 2]","[6, 3, 6]","[7, 1, 2]","[8, 0, 0]","[9, 1, 2]"
324,"[0, 0, 0]","[1, 0, 0]","[2, 2, 10]","[3, 1, 2]","[4, 1, 2]","[5, 1, 2]","[6, 3, 6]","[7, 1, 2]","[8, 0, 0]","[9, 1, 2]"
325,"[0, 0, 0]","[1, 0, 0]","[2, 2, 10]","[3, 1, 2]","[4, 1, 2]","[5, 1, 2]","[6, 3, 6]","[7, 1, 2]","[8, 0, 0]","[9, 1, 2]"
326,"[0, 0, 0]","[1, 0, 0]","[2, 2, 10]","[3, 1, 2]","[4, 1, 2]","[5, 1, 2]","[6, 3, 6]","[7, 2, 4]","[8, 0, 0]","[9, 1, 2]"
327,"[0, 0, 0]","[1, 0, 0]","[2, 2, 10]","[3, 1, 2]","[4, 1, 2]","[5, 1, 2]","[6, 3, 6]","[7, 2, 4]","[8, 0, 0]","[9, 1, 2]"
328,"[0, 0, 0]","[1, 0, 0]","[2, 2, 10]","[3, 1, 2]","[4, 1, 2]","[5, 1, 2]","[6, 3, 6]","[7, 2, 4]","[8, 0, 0]","[9, 1, 2]"
329,"[0, 0, 0]","[1, 0, 0]","[2, 2, 10]","[3, 1, 2]","[4, 1, 2]","[5, 1, 2]","[6, 3, 6]","[7, 2, 4]","[8, 0, 0]","[9, 1, 2]"
330,"[0, 0, 0]","[1, 0, 0]","[2, 2, 10]","[3, 1, 2]","[4, 1, 2]","[5, 1, 2]","[6, 3, 6]","[7, 2, 4]","[8, 0, 0]","[9, 1, 2]"
331,"[0, 0, 0]","[1, 0, 0]","[2, 2, 10]","[3, 1, 2]","[4, 1, 2]","[5, 1, 2]","[6, 3, 6]","[7, 2, 4]","[8, 0, 0]","[9, 1, 2]"
332,"[0, 0, 0]","[1, 0, 0]","[2, 2, 10]","[3, 1, 2]","[4, 1, 2]","[5, 1, 2]","[6, 3, 6]","[7, 3, 6]","[8, 0, 0]","[9, 1, 2]"
333,"[0, 0, 0]","[1, 0, 0]","[2, 2, 10]","[3, 1, 2]","[4, 1, 2]","[5, 2, 4]","[6, 3, 6]","[7, 3, 6]","[8, 0, 0]","[9, 1, 2]"
334,"[0, 0, 0]","[1, 0, 0]","[2, 2, 10]","[3, 1, 2]","[4, 1, 2]","[5, 3, 6]","[6, 3, 6]","[7, 3, 6]","[8, 0, 0]","[9, 1, 2]"
335,"[0, 0, 0]","[1, 0, 0]","[2, 2, 10]","[3, 1, 2]","[4, 0, 0]","[5, 3, 6]","[6, 3, 6]","[7, 3, 6]","[8, 0, 0]","[9, 1, 2]"
336,"[0, 0, 0]","[1, 0, 0]","[2, 2, 10]","[3, 1, 2]","[4, 0, 0]","[5, 3, 6]","[6, 3, 6]","[7, 3, 6]","[8, 0, 0]","[9, 1, 2]"
337,"[0, 0, 0]","[1, 0, 0]","[2, 2, 10]","[3, 1, 2]","[4, 0, 0]","[5, 3, 6]","[6, 3, 6]","[7, 3, 6]","[8, 0, 0]","[9, 1, 2]"
338,"[0, 0, 0]","[1, 1, 2]","[2, 2, 10]","[3, 1, 2]","[4, 0, 0]","[5, 3, 6]","[6, 3, 6]","[7, 3, 6]","[8, 0, 0]","[9, 1, 2]"
339,"[0, 0, 0]","[1, 0, 0]","[2, 2, 10]","[3, 1, 2]","[4, 0, 0]","[5, 3, 6]","[6, 3, 6]","[7, 3, 6]","[8, 0, 0]","[9, 1, 2]"
340,"[0, 0, 0]","[1, 0, 0]","[2, 2, 10]","[3, 1, 2]","[4, 0, 0]","[5, 3, 6]","[6, 3, 6]","[7, 3, 6]","[8, 0, 0]","[9, 1, 2]"
341,"[0, 0, 0]","[1, 0, 0]","[2, 2, 10]","[3, 1, 2]","[4, 0, 0]","[5, 3, 6]","[6, 3, 6]","[7, 3, 6]","[8, 0, 0]","[9, 1, 2]"
342,"[0, 0, 0]","[1, 0, 0]","[2, 2, 10]","[3, 1, 2]","[4, 1, 2]","[5, 3, 6]","[6, 3, 6]","[7, 3, 6]","[8, 0, 0]","[9, 1, 2]"
343,"[0, 0, 0]","[1, 0, 0]","[2, 2, 10]","[3, 1, 2]","[4, 1, 2]","[5, 3, 6]","[6, 3, 6]","[7, 3, 6]","[8, 0, 0]","[9, 1, 2]"
344,"[0, 0, 0]","[1, 0, 0]","[2, 2, 10]","[3, 1, 2]","[4, 2, 4]","[5, 3, 6]","[6, 3, 6]","[7, 3, 6]","[8, 0, 0]","[9, 1, 2]"
345,"[0, 0, 0]","[1, 0, 0]","[2, 2, 10]","[3, 1, 2]","[4, 1, 2]","[5, 3, 6]","[6, 3, 6]","[7, 3, 6]","[8, 0, 0]","[9, 1, 2]"
346,"[0, 0, 0]","[1, 0, 0]","[2, 2, 10]","[3, 1, 2]","[4, 0, 0]","[5, 3, 6]","[6, 3, 6]","[7, 3, 6]","[8, 0, 0]","[9, 1, 2]"
347,"[0, 0, 0]","[1, 0, 0]","[2, 2, 10]","[3, 1, 2]","[4, 0, 0]","[5, 2, 4]","[6, 3, 6]","[7, 3, 6]","[8, 0, 0]","[9, 1, 2]"
348,"[0, 0, 0]","[1, 0, 0]","[2, 2, 10]","[3, 1, 2]","[4, 0, 0]","[5, 1, 2]","[6, 3, 6]","[7, 3, 6]","[8, 0, 0]","[9, 1, 2]"
349,"[0, 0, 0]","[1, 0, 0]","[2, 2, 10]","[3, 1, 2]","[4, 0, 0]","[5, 1, 2]","[6, 3, 6]","[7, 2, 4]","[8, 0, 0]","[9, 1, 2]"
350,"[0, 0, 0]","[1, 0, 0]","[2, 2, 10]","[3, 1, 2]","[4, 0, 0]","[5, 1, 2]","[6, 2, 4]","[7, 2, 4]","[8, 0, 0]","[9, 1, 2]"
351,"[0, 0, 0]","[1, 0, 0]","[2, 2, 10]","[3, 1, 2]","[4, 1, 2]","[5, 1, 2]","[6, 2, 4]","[7, 2, 4]","[8, 0, 0]","[9, 1, 2]"
352,"[0, 0, 0]","[1, 0, 0]","[2, 2, 10]","[3, 1, 2]","[4, 1, 2]","[5, 1, 2]","[6, 2, 4]","[7, 2, 4]","[8, 0, 0]","[9, 1, 2]"
353,"[0, 0, 0]","[1, 0, 0]","[2, 2, 10]","[3, 1, 2]","[4, 1, 2]","[5, 1, 2]","[6, 2, 4]","[7, 2, 4]","[8, 0, 0]","[9, 1, 2]"
354,"[0, 0, 0]","[1, 0, 0]","[2, 2, 10]","[3, 1, 2]","[4, 2, 4]","[5, 1, 2]","[6, 2, 4]","[7, 2, 4]","[8, 0, 0]","[9, 1, 2]"
355,"[0, 0, 0]","[1, 0, 0]","[2, 2, 10]","[3, 1, 2]","[4, 2, 4]","[5, 1, 2]","[6, 1, 2]","[7, 2, 4]","[8, 0, 0]","[9, 1, 2]"
356,"[0, 0, 0]","[1, 0, 0]","[2, 2, 10]","[3, 1, 2]","[4, 2, 4]","[5, 1, 2]","[6, 1, 2]","[7, 2, 4]","[8, 0, 0]","[9, 1, 2]"
357,"[0, 0, 0]","[1, 0, 0]","[2, 2, 10]","[3, 1, 2]","[4, 2, 4]","[5, 1, 2]","[6, 1, 2]","[7, 2, 4]","[8, 0, 0]","[9, 1, 2]"
358,"[0, 0, 0]","[1, 0, 0]","[2, 2, 10]","[3, 1, 2]","[4, 2, 4]","[5, 1, 2]","[6, 1, 2]","[7, 2, 4]","[8, 0, 0]","[9, 1, 2]"
359,"[0, 0, 0]","[1, 0, 0]","[2, 2, 10]","[3, 1, 2]","[4, 2, 4]","[5, 1, 2]","[6, 1, 2]","[7, 2, 4]","[8, 0, 0]","[9, 1, 2]"
360,"[0, 0, 0]","[1, 0, 0]","[2, 2, 10]","[3, 1, 2]","[4, 1, 2]","[5, 1, 2]","[6, 1, 2]","[7, 2, 4]","[8, 0, 0]","[9, 1, 2]"
361,"[0, 0, 0]","[1, 0, 0]","[2, 2, 10]","[3, 1, 2]","[4, 1, 2]","[5, 1, 2]","[6, 1, 2]","[7, 2, 4]","[8, 0, 0]","[9, 1, 2]"
362,"[0, 0, 0]","[1, 0, 0]","[2, 2, 10]","[3, 1, 2]","[4, 2, 4]","[5, 1, 2]","[6, 1, 2]","[7, 2, 4]","[8, 0, 0]","[9, 1, 2]"
363,"[0, 0, 0]","[1, 0, 0]","[2, 2, 10]","[3, 1, 2]","[4, 2, 4]","[5, 1, 2]","[6, 1, 2]","[7, 2, 4]","[8, 0, 0]","[9, 1, 2]"
364,"[0, 0, 0]","[1, 0, 0]","[2, 2, 10]","[3, 1, 2]","[4, 2, 4]","[5, 1, 2]","[6, 1, 2]","[7, 2, 4]","[8, 0, 0]","[9, 1, 2]"
365,"[0, 0, 0]","[1, 0, 0]","[2, 2, 10]","[3, 1, 2]","[4, 2, 4]","[5, 1, 2]","[6, 1, 2]","[7, 2, 4]","[8, 0, 0]","[9, 1, 2]"
366,"[0, 0, 0]","[1, 0, 0]","[2, 2, 10]","[3, 1, 2]","[4, 2, 4]","[5, 1, 2]","[6, 1, 2]","[7, 2, 4]","[8, 0, 0]","[9, 1, 2]"
367,"[0, 0, 0]","[1, 0, 0]","[2, 2, 10]","[3, 1, 2]","[4, 2, 4]","[5, 1, 2]","[6, 1, 2]","[7, 2, 4]","[8, 0, 0]","[9, 1, 2]"
368,"[0, 0, 0]","[1, 0, 0]","[2, 2, 10]","[3, 1, 2]","[4, 2, 4]","[5, 1, 2]","[6, 1, 2]","[7, 2, 4]","[8, 0, 0]","[9, 1, 2]"
369,"[0, 0, 0]","[1, 0, 0]","[2, 2, 10]","[3, 1, 2]","[4, 2, 4]","[5, 1, 2]","[6, 1, 2]","[7, 2, 4]","[8, 0, 0]","[9, 1, 2]"
370,"[0, 0, 0]","[1, 0, 0]","[2, 2, 10]","[3, 1, 2]","[4, 2, 4]","[5, 1, 2]","[6, 1, 2]","[7, 2, 4]","[8, 0, 0]","[9, 1, 2]"
371,"[0, 0, 0]","[1, 0, 0]","[2, 2, 10]","[3, 1, 2]","[4, 2, 4]","[5, 1, 2]","[6, 1, 2]","[7, 2, 4]","[8, 0, 0]","[9, 1, 2]"
372,"[0, 0, 0]","[1, 0, 0]","[2, 2, 10]","[3, 1, 2]","[4, 2, 4]","[5, 1, 2]","[6, 1, 2]","[7, 2, 4]","[8, 0, 0]","[9, 1, 2]"
373,"[0, 0, 0]","[1, 0, 0]","[2, 2, 10]","[3, 1, 2]","[4, 2, 4]","[5, 1, 2]","[6, 1, 2]","[7, 2, 4]","[8, 0, 0]","[9, 1, 2]"
374,"[0, 0, 0]","[1, 1, 2]","[2, 2, 10]","[3, 1, 2]","[4, 2, 4]","[5, 1, 2]","[6, 1, 2]","[7, 2, 4]","[8, 0, 0]","[9, 1, 2]"
375,"[0, 0, 0]","[1, 0, 0]","[2, 2, 10]","[3, 1, 2]","[4, 2, 4]","[5, 1, 2]","[6, 1, 2]","[7, 2, 4]","[8, 0, 0]","[9, 1, 2]"
376,"[0, 0, 0]","[1, 0, 0]","[2, 2, 10]","[3, 1, 2]","[4, 2, 4]","[5, 1, 2]","[6, 1, 2]","[7, 2, 4]","[8, 0, 0]","[9, 1, 2]"
377,"[0, 0, 0]","[1, 0, 0]","[2, 2, 10]","[3, 1, 2]","[4, 2, 4]","[5, 1, 2]","[6, 1, 2]","[7, 2, 4]","[8, 0, 0]","[9, 1, 2]"
378,"[0, 0, 0]","[1, 0, 0]","[2, 2, 10]","[3, 1, 2]","[4, 2, 4]","[5, 1, 2]","[6, 1, 2]","[7, 2, 4]","[8, 0, 0]","[9, 1, 2]"
379,"[0, 0, 0]","[1, 0, 0]","[2, 2, 10]","[3, 1, 2]","[4, 2, 4]","[5, 1, 2]","[6, 1, 2]","[7, 2, 4]","[8, 0, 0]","[9, 0, 0]"
380,"[0, 0, 0]","[1, 0, 0]","[2, 2, 10]","[3, 1, 2]","[4, 2, 4]","[5, 1, 2]","[6, 1, 2]","[7, 2, 4]","[8, 0, 0]","[9, 0, 0]"
381,"[0, 0, 0]","[1, 0, 0]","[2, 2, 10]","[3, 1, 2]","[4, 2, 4]","[5, 2, 4]","[6, 1, 2]","[7, 2, 4]","[8, 0, 0]","[9, 0, 0]"
382,"[0, 0, 0]","[1, 1, 2]","[2, 2, 10]","[3, 1, 2]","[4, 2, 4]","[5, 2, 4]","[6, 1, 2]","[7, 2, 4]","[8, 0, 0]","[9, 0, 0]"
383,"[0, 0, 0]","[1, 2, 4]","[2, 2, 10]","[3, 1, 2]","[4, 2, 4]","[5, 2, 4]","[6, 1, 2]","[7, 2, 4]","[8, 0, 0]","[9, 0, 0]"
384,"[0, 0, 0]","[1, 2, 4]","[2, 2, 10]","[3, 1, 2]","[4, 2, 4]","[5, 1, 2]","[6, 1, 2]","[7, 2, 4]","[8, 0, 0]","[9, 0, 0]"
385,"[0, 0, 0]","[1, 2, 4]","[2, 2, 10]","[3, 1, 2]","[4, 2, 4]","[5, 1, 2]","[6, 0, 0]","[7, 2, 4]","[8, 0, 0]","[9, 0, 0]"
386,"[0, 0, 0]","[1, 2, 4]","[2, 2, 10]","[3, 1, 2]","[4, 2, 4]","[5, 1, 2]","[6, 0, 0]","[7, 2, 4]","[8, 0, 0]","[9, 0, 0]"
387,"[0, 0, 0]","[1, 2, 4]","[2, 2, 10]","[3, 1, 2]","[4, 2, 4]","[5, 1, 2]","[6, 0, 0]","[7, 2, 4]","[8, 0, 0]","[9, 0, 0]"
388,"[0, 0, 0]","[1, 2, 4]","[2, 2, 10]","[3, 1, 2]","[4, 2, 4]","[5, 1, 2]","[6, 0, 0]","[7, 2, 4]","[8, 0, 0]","[9, 0, 0]"
389,"[0, 0, 0]","[1, 2, 4]","[2, 2, 10]","[3, 1, 2]","[4, 2, 4]","[5, 1, 2]","[6, 1, 2]","[7, 2, 4]","[8, 0, 0]","[9, 0, 0]"
390,"[0, 0, 0]","[1, 2, 4]","[2, 2, 10]","[3, 1, 2]","[4, 2, 4]","[5, 1, 2]","[6, 0, 0]","[7, 2, 4]","[8, 0, 0]","[9, 0, 0]"
391,"[0, 0, 0]","[1, 3, 6]","[2, 2, 10]","[3, 1, 2]","[4, 2, 4]","[5, 1, 2]","[6, 0, 0]","[7, 2, 4]","[8, 0, 0]","[9, 0, 0]"
392,"[0, 0, 0]","[1, 2, 4]","[2, 2, 10]","[3, 1, 2]","[4, 2, 4]","[5, 1, 2]","[6, 0, 0]","[7, 2, 4]","[8, 0, 0]","[9, 0, 0]"
393,"[0, 0, 0]","[1, 2, 4]","[2, 2, 10]","[3, 1, 2]","[4, 2, 4]","[5, 1, 2]","[6, 0, 0]","[7, 2, 4]","[8, 0, 0]","[9, 0, 0]"
394,"[0, 0, 0]","[1, 2, 4]","[2, 2, 10]","[3, 1, 2]","[4, 2, 4]","[5, 1, 2]","[6, 0, 0]","[7, 2, 4]","[8, 0, 0]","[9, 0, 0]"
395,"[0, 0, 0]","[1, 2, 4]","[2, 2, 10]","[3, 1, 2]","[4, 2, 4]","[5, 1, 2]","[6, 0, 0]","[7, 2, 4]","[8, 0, 0]","[9, 0, 0]"
396,"[0, 0, 0]","[1, 2, 4]","[2, 2, 10]","[3, 1, 2]","[4, 2, 4]","[5, 1, 2]","[6, 0, 0]","[7, 2, 4]","[8, 0, 0]","[9, 0, 0]"
397,"[0, 0, 0]","[1, 2, 4]","[2, 2, 10]","[3, 1, 2]","[4, 2, 4]","[5, 1, 2]","[6, 0, 0]","[7, 2, 4]","[8, 0, 0]","[9, 0, 0]"
398,"[0, 0, 0]","[1, 3, 6]","[2, 2, 10]","[3, 1, 2]","[4, 2, 4]","[5, 1, 2]","[6, 0, 0]","[7, 2, 4]","[8, 0, 0]","[9, 0, 0]"
399,"[0, 0, 0]","[1, 2, 4]","[2, 2, 10]","[3, 1, 2]","[4, 2, 4]","[5, 1, 2]","[6, 0, 0]","[7, 2, 4]","[8, 0, 0]","[9, 0, 0]"
400,"[0, 1, 2]","[1, 2, 4]","[2, 2, 10]","[3, 1, 2]","[4, 2, 4]","[5, 1, 2]","[6, 0, 0]","[7, 2, 4]","[8, 0, 0]","[9, 0, 0]"
401,"[0, 0, 0]","[1, 2, 4]","[2, 2, 10]","[3, 1, 2]","[4, 2, 4]","[5, 1, 2]","[6, 0, 0]","[7, 2, 4]","[8, 0, 0]","[9, 0, 0]"
402,"[0, 0, 0]","[1, 2, 4]","[2, 2, 10]","[3, 1, 2]","[4, 2, 4]","[5, 1, 2]","[6, 0, 0]","[7, 2, 4]","[8, 0, 0]","[9, 0, 0]"
403,"[0, 0, 0]","[1, 2, 4]","[2, 2, 10]","[3, 1, 2]","[4, 2, 4]","[5, 1, 2]","[6, 0, 0]","[7, 2, 4]","[8, 0, 0]","[9, 0, 0]"
