,0,1,2,3,4,5,6,7,8,9,10,11,12,13,14,15,16
0,,,,,,,,,,,,,,,,,
1,"[0, 2, 0, 0]","[1, 4, 1, 0]","[2, 8, 2, 0]","[3, 8, 9, 0]",,,,,,,,,,,,,
2,"[0, 2, 0, 0]","[1, 4, 1, 0]","[2, 8, 2, 0]","[3, 8, 9, 0]","[4, 2, 7, 0]",,,,,,,,,,,,
3,"[0, 2, 0, 0]","[1, 4, 1, 0]","[2, 8, 2, 0]","[3, 8, 9, 0]","[4, 2, 7, 0]","[5, 2, 6, 0]",,,,,,,,,,,
4,"[0, 2, 0, 0]","[1, 4, 1, 0]","[2, 8, 2, 0]","[3, 8, 9, 0]","[4, 2, 7, 0]","[5, 2, 6, 0]","[6, 2, 2, 0]",,,,,,,,,,
5,"[0, 2, 0, 0]","[1, 4, 1, 0]","[2, 8, 2, 0]","[3, 8, 9, 0]","[4, 2, 7, 0]","[5, 2, 6, 0]","[6, 2, 2, 0]","[7, 2, 4, 0]",,,,,,,,,
6,"[0, 2, 0, 0]","[1, 4, 1, 0]","[2, 8, 2, 0]","[3, 8, 9, 0]","[4, 2, 7, 0]","[5, 2, 6, 0]","[6, 2, 2, 0]","[7, 2, 4, 0]","[8, 2, 4, 0]",,,,,,,,
7,"[0, 2, 0, 0]","[1, 4, 1, 0]","[2, 8, 2, 0]","[3, 8, 9, 0]","[4, 2, 7, 0]","[5, 2, 6, 0]","[6, 2, 2, 0]","[7, 2, 4, 0]","[8, 2, 4, 0]","[9, 2, 5, 0]",,,,,,,
8,"[0, 2, 0, 0]","[1, 4, 1, 0]","[2, 8, 2, 0]","[3, 8, 9, 0]","[4, 2, 7, 0]","[5, 2, 6, 0]","[6, 2, 2, 0]","[7, 2, 4, 0]","[8, 2, 4, 0]","[9, 2, 5, 0]","[10, 2, 5, 0]",,,,,,
9,"[0, 2, 0, 0]","[1, 4, 1, 0]","[2, 8, 2, 0]","[3, 8, 9, 0]","[4, 2, 7, 0]","[5, 2, 6, 0]","[6, 2, 2, 0]","[7, 2, 4, 0]","[8, 2, 4, 0]","[9, 2, 5, 0]","[10, 2, 5, 0]","[11, 2, 3, 0]",,,,,
10,"[0, 2, 0, 2]","[1, 4, 1, 2]","[2, 8, 2, 0]","[3, 8, 9, 0]","[4, 2, 7, 0]","[5, 2, 6, 0]","[6, 2, 2, 0]","[7, 2, 4, 0]","[8, 2, 4, 0]","[9, 2, 5, 0]","[10, 2, 5, 0]","[11, 2, 3, 0]",,,,,
11,"[0, 2, 0, 2]","[1, 4, 1, 2]","[2, 8, 2, 0]","[3, 8, 9, 0]","[4, 2, 7, 0]","[5, 2, 6, 0]","[6, 2, 2, 0]","[7, 2, 4, 0]","[8, 2, 4, 0]","[9, 2, 5, 0]","[11, 2, 3, 0]",,,,,,
12,"[0, 2, 0, 2]","[1, 4, 1, 2]","[2, 8, 2, 0]","[3, 8, 9, 0]","[4, 2, 7, 0]","[5, 2, 6, 0]","[6, 2, 2, 0]","[7, 2, 4, 0]","[8, 2, 4, 0]","[9, 2, 5, 0]",,,,,,,
13,"[0, 2, 0, 2]","[1, 4, 1, 2]","[2, 8, 2, 0]","[3, 8, 9, 0]","[4, 2, 7, 0]","[5, 2, 6, 0]","[6, 2, 2, 0]","[7, 2, 4, 0]","[8, 2, 4, 0]",,,,,,,,
14,"[0, 2, 0, 2]","[1, 4, 1, 2]","[2, 8, 2, 0]","[3, 8, 9, 0]","[4, 2, 7, 0]","[5, 2, 6, 0]","[6, 2, 2, 0]","[7, 2, 4, 0]",,,,,,,,,
15,"[0, 2, 0, 2]","[1, 4, 1, 4]","[2, 8, 2, 4]","[3, 8, 9, 0]","[4, 2, 7, 0]","[5, 2, 6, 0]","[6, 2, 2, 0]","[7, 2, 4, 0]",,,,,,,,,
16,"[0, 2, 0, 2]","[1, 4, 1, 4]","[2, 8, 2, 4]","[3, 8, 9, 0]","[4, 2, 7, 0]","[5, 2, 6, 0]","[6, 2, 2, 0]",,,,,,,,,,
17,"[0, 2, 0, 2]","[1, 4, 1, 4]","[2, 8, 2, 4]","[3, 8, 9, 0]","[4, 2, 7, 0]","[5, 2, 6, 0]",,,,,,,,,,,
18,"[0, 2, 0, 2]","[1, 4, 1, 4]","[2, 8, 2, 4]","[3, 8, 9, 0]","[4, 2, 7, 0]","[5, 2, 6, 0]","[12, 2, 3, 0]",,,,,,,,,,
19,"[0, 2, 0, 2]","[1, 4, 1, 2]","[2, 8, 2, 0]","[3, 8, 9, 0]","[4, 2, 7, 0]","[5, 2, 6, 0]",,,,,,,,,,,
20,"[0, 2, 0, 2]","[1, 4, 1, 2]","[2, 8, 2, 0]","[3, 8, 9, 0]","[4, 2, 7, 0]","[5, 2, 6, 0]","[13, 2, 5, 0]",,,,,,,,,,
21,"[0, 2, 0, 2]","[1, 4, 1, 2]","[2, 8, 2, 4]","[3, 8, 9, 0]","[4, 2, 7, 0]","[5, 2, 6, 0]","[13, 2, 5, 0]","[14, 2, 9, 0]",,,,,,,,,
22,"[0, 2, 0, 2]","[1, 4, 1, 2]","[2, 8, 2, 0]","[3, 8, 9, 0]","[4, 2, 7, 0]","[5, 2, 6, 0]","[13, 2, 5, 0]",,,,,,,,,,
23,"[0, 2, 0, 2]","[1, 4, 1, 2]","[2, 8, 2, 0]","[3, 8, 9, 0]","[4, 2, 7, 0]","[5, 2, 6, 0]",,,,,,,,,,,
24,"[0, 2, 0, 2]","[1, 4, 1, 2]","[2, 8, 2, 0]","[3, 8, 9, 0]","[4, 2, 7, 0]","[5, 2, 6, 0]","[15, 2, 3, 0]",,,,,,,,,,
25,"[0, 2, 0, 2]","[1, 4, 1, 2]","[2, 8, 2, 0]","[3, 8, 9, 0]","[4, 2, 7, 0]","[5, 2, 6, 0]",,,,,,,,,,,
26,"[0, 2, 0, 2]","[1, 4, 1, 2]","[2, 8, 2, 4]","[3, 8, 9, 0]","[4, 2, 7, 0]","[5, 2, 6, 0]","[16, 2, 8, 0]",,,,,,,,,,
27,"[0, 2, 0, 0]","[1, 4, 1, 0]","[2, 8, 2, 0]","[3, 8, 9, 0]","[4, 2, 7, 0]","[5, 2, 6, 0]",,,,,,,,,,,
28,"[0, 2, 0, 0]","[1, 4, 1, 0]","[2, 8, 2, 0]","[3, 8, 9, 0]","[4, 2, 7, 0]","[5, 2, 6, 0]","[17, 2, 3, 0]",,,,,,,,,,
29,"[0, 2, 0, 0]","[1, 4, 1, 0]","[2, 8, 2, 0]","[3, 8, 9, 0]","[4, 2, 7, 0]","[5, 2, 6, 0]","[17, 2, 3, 0]","[18, 2, 3, 0]",,,,,,,,,
30,"[0, 2, 0, 0]","[1, 4, 1, 0]","[2, 8, 2, 0]","[3, 8, 9, 0]","[4, 2, 7, 0]","[5, 2, 6, 0]","[17, 2, 3, 0]","[18, 2, 3, 0]","[19, 2, 5, 0]",,,,,,,,
31,"[0, 2, 0, 0]","[1, 4, 1, 0]","[2, 8, 2, 1]","[3, 8, 9, 0]","[4, 2, 7, 0]","[5, 2, 6, 0]","[17, 2, 3, 0]","[18, 2, 3, 0]","[19, 2, 5, 0]","[20, 2, 7, 0]",,,,,,,
32,"[0, 2, 0, 0]","[1, 4, 1, 0]","[2, 8, 2, 0]","[3, 8, 9, 0]","[4, 2, 7, 0]","[5, 2, 6, 0]","[17, 2, 3, 0]","[18, 2, 3, 0]","[19, 2, 5, 0]","[20, 2, 7, 0]","[21, 2, 6, 0]",,,,,,
33,"[0, 2, 0, 0]","[1, 4, 1, 0]","[2, 8, 2, 0]","[3, 8, 9, 0]","[4, 2, 7, 0]","[5, 2, 6, 0]","[17, 2, 3, 0]","[18, 2, 3, 0]","[19, 2, 5, 0]","[20, 2, 7, 0]","[21, 2, 6, 0]","[22, 2, 4, 0]",,,,,
34,"[1, 4, 1, 0]","[2, 8, 2, 0]","[3, 8, 9, 0]","[4, 2, 7, 0]","[5, 2, 6, 0]","[17, 2, 3, 0]","[18, 2, 3, 0]","[19, 2, 5, 0]","[20, 2, 7, 0]","[21, 2, 6, 0]","[22, 2, 4, 0]",,,,,,
35,"[1, 4, 1, 0]","[2, 8, 2, 0]","[3, 8, 9, 0]","[4, 2, 7, 0]","[5, 2, 6, 0]","[17, 2, 3, 0]","[18, 2, 3, 0]","[19, 2, 5, 0]","[20, 2, 7, 0]","[21, 2, 6, 0]","[22, 2, 4, 0]","[23, 2, 2, 0]",,,,,
36,"[1, 4, 1, 0]","[2, 8, 2, 0]","[4, 2, 7, 0]","[5, 2, 6, 0]","[17, 2, 3, 0]","[18, 2, 3, 0]","[19, 2, 5, 0]","[20, 2, 7, 0]","[21, 2, 6, 0]","[22, 2, 4, 0]","[23, 2, 2, 0]",,,,,,
37,"[1, 4, 1, 0]","[2, 8, 2, 0]","[4, 2, 7, 0]","[5, 2, 6, 0]","[17, 2, 3, 0]","[18, 2, 3, 0]","[19, 2, 5, 0]","[20, 2, 7, 0]","[21, 2, 6, 0]","[22, 2, 4, 0]","[23, 2, 2, 0]","[24, 2, 5, 0]",,,,,
38,"[1, 4, 1, 0]","[2, 8, 2, 0]","[4, 2, 7, 0]","[5, 2, 6, 0]","[17, 2, 3, 0]","[18, 2, 3, 0]","[19, 2, 5, 0]","[20, 2, 7, 0]","[21, 2, 6, 0]","[22, 2, 4, 0]","[23, 2, 2, 0]","[24, 2, 5, 0]","[25, 2, 4, 0]",,,,
39,"[1, 4, 1, 0]","[2, 8, 2, 0]","[4, 2, 7, 2]","[5, 2, 6, 2]","[17, 2, 3, 2]","[18, 2, 3, 2]","[19, 2, 5, 0]","[20, 2, 7, 0]","[21, 2, 6, 0]","[22, 2, 4, 0]","[23, 2, 2, 0]","[24, 2, 5, 0]","[25, 2, 4, 0]","[26, 2, 5, 0]",,,
40,"[1, 4, 1, 0]","[2, 8, 2, 0]","[4, 2, 7, 2]","[5, 2, 6, 2]","[17, 2, 3, 2]","[18, 2, 3, 2]","[19, 2, 5, 0]","[20, 2, 7, 0]","[21, 2, 6, 0]","[22, 2, 4, 0]","[23, 2, 2, 0]","[24, 2, 5, 0]","[25, 2, 4, 0]",,,,
41,"[1, 4, 1, 0]","[2, 8, 2, 0]","[4, 2, 7, 2]","[5, 2, 6, 2]","[17, 2, 3, 2]","[18, 2, 3, 2]","[19, 2, 5, 0]","[20, 2, 7, 0]","[21, 2, 6, 0]","[22, 2, 4, 0]","[23, 2, 2, 0]","[24, 2, 5, 0]",,,,,
42,"[1, 4, 1, 0]","[2, 8, 2, 0]","[4, 2, 7, 2]","[5, 2, 6, 2]","[17, 2, 3, 2]","[18, 2, 3, 2]","[19, 2, 5, 0]","[20, 2, 7, 0]","[21, 2, 6, 0]","[22, 2, 4, 0]","[23, 2, 2, 0]",,,,,,
43,"[1, 4, 1, 0]","[2, 8, 2, 0]","[4, 2, 7, 2]","[5, 2, 6, 2]","[17, 2, 3, 2]","[18, 2, 3, 2]","[19, 2, 5, 2]","[20, 2, 7, 2]","[21, 2, 6, 2]","[22, 2, 4, 0]","[23, 2, 2, 0]","[27, 2, 7, 0]",,,,,
44,"[1, 4, 1, 0]","[2, 8, 2, 0]","[4, 2, 7, 2]","[5, 2, 6, 2]","[17, 2, 3, 2]","[18, 2, 3, 2]","[19, 2, 5, 2]","[20, 2, 7, 2]","[21, 2, 6, 2]","[22, 2, 4, 0]","[23, 2, 2, 0]","[27, 2, 7, 0]",,,,,
45,"[1, 4, 1, 0]","[2, 8, 2, 0]","[4, 2, 7, 2]","[5, 2, 6, 2]","[17, 2, 3, 2]","[18, 2, 3, 2]","[19, 2, 5, 2]","[20, 2, 7, 2]","[21, 2, 6, 2]","[22, 2, 4, 0]","[23, 2, 2, 0]","[27, 2, 7, 0]","[28, 2, 3, 0]",,,,
46,"[1, 4, 1, 0]","[2, 8, 2, 0]","[4, 2, 7, 2]","[5, 2, 6, 2]","[17, 2, 3, 2]","[18, 2, 3, 2]","[19, 2, 5, 2]","[20, 2, 7, 2]","[21, 2, 6, 2]","[22, 2, 4, 0]","[23, 2, 2, 0]","[27, 2, 7, 0]","[28, 2, 3, 0]","[29, 2, 3, 0]",,,
47,"[1, 4, 1, 0]","[2, 8, 2, 0]","[4, 2, 7, 2]","[5, 2, 6, 2]","[17, 2, 3, 2]","[18, 2, 3, 2]","[19, 2, 5, 2]","[20, 2, 7, 2]","[21, 2, 6, 2]","[22, 2, 4, 0]","[23, 2, 2, 0]","[27, 2, 7, 0]","[28, 2, 3, 0]",,,,
48,"[1, 4, 1, 0]","[2, 8, 2, 0]","[4, 2, 7, 2]","[5, 2, 6, 2]","[17, 2, 3, 2]","[18, 2, 3, 2]","[19, 2, 5, 2]","[20, 2, 7, 2]","[21, 2, 6, 2]","[22, 2, 4, 2]","[23, 2, 2, 2]","[27, 2, 7, 2]","[28, 2, 3, 2]","[30, 2, 9, 0]",,,
49,"[1, 4, 1, 0]","[2, 8, 2, 0]","[4, 2, 7, 2]","[5, 2, 6, 2]","[17, 2, 3, 2]","[18, 2, 3, 2]","[19, 2, 5, 2]","[20, 2, 7, 2]","[21, 2, 6, 2]","[22, 2, 4, 2]","[23, 2, 2, 2]","[27, 2, 7, 2]","[28, 2, 3, 2]","[30, 2, 9, 0]","[31, 4, 4, 0]",,
50,"[1, 4, 1, 0]","[2, 8, 2, 0]","[4, 2, 7, 0]","[5, 2, 6, 0]","[17, 2, 3, 0]","[18, 2, 3, 0]","[19, 2, 5, 2]","[20, 2, 7, 2]","[21, 2, 6, 2]","[22, 2, 4, 2]","[23, 2, 2, 2]","[27, 2, 7, 2]","[28, 2, 3, 2]","[30, 2, 9, 0]","[31, 4, 4, 0]","[32, 4, 6, 0]",
51,"[1, 4, 1, 0]","[2, 8, 2, 0]","[4, 2, 7, 0]","[5, 2, 6, 0]","[17, 2, 3, 0]","[18, 2, 3, 0]","[19, 2, 5, 2]","[20, 2, 7, 2]","[21, 2, 6, 2]","[22, 2, 4, 2]","[23, 2, 2, 2]","[27, 2, 7, 2]","[28, 2, 3, 2]","[30, 2, 9, 0]","[31, 4, 4, 0]",,
52,"[1, 4, 1, 0]","[2, 8, 2, 0]","[4, 2, 7, 0]","[5, 2, 6, 0]","[17, 2, 3, 0]","[18, 2, 3, 0]","[19, 2, 5, 2]","[20, 2, 7, 2]","[21, 2, 6, 2]","[22, 2, 4, 2]","[23, 2, 2, 2]","[27, 2, 7, 2]","[28, 2, 3, 2]","[30, 2, 9, 2]","[31, 4, 4, 0]","[33, 2, 9, 0]",
53,"[1, 4, 1, 0]","[2, 8, 2, 0]","[4, 2, 7, 0]","[5, 2, 6, 0]","[17, 2, 3, 0]","[18, 2, 3, 0]","[19, 2, 5, 2]","[20, 2, 7, 2]","[21, 2, 6, 2]","[22, 2, 4, 2]","[23, 2, 2, 2]","[27, 2, 7, 2]","[28, 2, 3, 2]","[30, 2, 9, 2]","[31, 4, 4, 0]",,
54,"[1, 4, 1, 0]","[2, 8, 2, 0]","[4, 2, 7, 0]","[5, 2, 6, 0]","[17, 2, 3, 0]","[18, 2, 3, 0]","[19, 2, 5, 2]","[20, 2, 7, 2]","[21, 2, 6, 2]","[22, 2, 4, 2]","[23, 2, 2, 2]","[27, 2, 7, 2]","[28, 2, 3, 2]","[30, 2, 9, 2]",,,
55,"[1, 4, 1, 4]","[2, 8, 2, 4]","[4, 2, 7, 0]","[5, 2, 6, 0]","[17, 2, 3, 0]","[18, 2, 3, 0]","[19, 2, 5, 0]","[20, 2, 7, 0]","[21, 2, 6, 0]","[22, 2, 4, 2]","[23, 2, 2, 2]","[27, 2, 7, 2]","[28, 2, 3, 2]","[30, 2, 9, 2]","[34, 2, 9, 0]",,
56,"[1, 4, 1, 4]","[2, 8, 2, 4]","[4, 2, 7, 0]","[5, 2, 6, 0]","[17, 2, 3, 0]","[18, 2, 3, 0]","[19, 2, 5, 0]","[20, 2, 7, 0]","[21, 2, 6, 0]","[22, 2, 4, 2]","[23, 2, 2, 2]","[27, 2, 7, 2]","[28, 2, 3, 2]","[30, 2, 9, 2]",,,
57,"[1, 4, 1, 4]","[2, 8, 2, 4]","[4, 2, 7, 0]","[5, 2, 6, 0]","[17, 2, 3, 0]","[18, 2, 3, 0]","[19, 2, 5, 0]","[20, 2, 7, 0]","[21, 2, 6, 0]","[22, 2, 4, 2]","[23, 2, 2, 2]","[27, 2, 7, 2]","[30, 2, 9, 2]",,,,
58,"[1, 4, 1, 4]","[2, 8, 2, 8]","[4, 2, 7, 2]","[5, 2, 6, 2]","[17, 2, 3, 0]","[18, 2, 3, 0]","[19, 2, 5, 0]","[20, 2, 7, 0]","[21, 2, 6, 0]","[22, 2, 4, 2]","[23, 2, 2, 2]","[27, 2, 7, 2]","[30, 2, 9, 2]","[35, 2, 9, 0]",,,
59,"[1, 4, 1, 4]","[2, 8, 2, 8]","[4, 2, 7, 2]","[5, 2, 6, 2]","[17, 2, 3, 0]","[18, 2, 3, 0]","[19, 2, 5, 0]","[20, 2, 7, 0]","[21, 2, 6, 0]","[22, 2, 4, 0]","[23, 2, 2, 0]","[27, 2, 7, 0]","[30, 2, 9, 2]","[35, 2, 9, 0]","[36, 2, 3, 0]",,
60,"[1, 4, 1, 4]","[2, 8, 2, 8]","[4, 2, 7, 2]","[5, 2, 6, 2]","[17, 2, 3, 0]","[18, 2, 3, 0]","[19, 2, 5, 0]","[20, 2, 7, 0]","[21, 2, 6, 0]","[22, 2, 4, 0]","[23, 2, 2, 0]","[27, 2, 7, 0]","[30, 2, 9, 2]","[36, 2, 3, 0]",,,
61,"[1, 4, 1, 4]","[2, 8, 2, 8]","[4, 2, 7, 2]","[5, 2, 6, 2]","[17, 2, 3, 0]","[18, 2, 3, 0]","[19, 2, 5, 0]","[20, 2, 7, 0]","[21, 2, 6, 0]","[22, 2, 4, 0]","[23, 2, 2, 0]","[27, 2, 7, 0]","[30, 2, 9, 2]",,,,
62,"[1, 4, 1, 0]","[2, 8, 2, 4]","[4, 2, 7, 2]","[5, 2, 6, 2]","[17, 2, 3, 0]","[18, 2, 3, 0]","[19, 2, 5, 0]","[20, 2, 7, 0]","[21, 2, 6, 0]","[22, 2, 4, 0]","[23, 2, 2, 0]","[27, 2, 7, 0]",,,,,
63,"[1, 4, 1, 0]","[2, 8, 2, 2]","[4, 2, 7, 0]","[5, 2, 6, 1]","[17, 2, 3, 2]","[18, 2, 3, 0]","[19, 2, 5, 0]","[20, 2, 7, 0]","[21, 2, 6, 0]","[22, 2, 4, 0]","[23, 2, 2, 0]",,,,,,
64,"[1, 4, 1, 0]","[2, 8, 2, 2]","[4, 2, 7, 0]","[5, 2, 6, 0]","[17, 2, 3, 2]","[18, 2, 3, 0]","[19, 2, 5, 0]","[20, 2, 7, 0]","[21, 2, 6, 0]","[23, 2, 2, 0]",,,,,,,
65,"[1, 4, 1, 0]","[2, 8, 2, 2]","[4, 2, 7, 0]","[5, 2, 6, 0]","[17, 2, 3, 2]","[18, 2, 3, 2]","[19, 2, 5, 2]","[20, 2, 7, 2]","[21, 2, 6, 2]","[23, 2, 2, 0]","[37, 2, 7, 0]",,,,,,
66,"[1, 4, 1, 0]","[2, 8, 2, 2]","[4, 2, 7, 0]","[5, 2, 6, 0]","[17, 2, 3, 2]","[18, 2, 3, 2]","[19, 2, 5, 2]","[20, 2, 7, 2]","[21, 2, 6, 2]","[23, 2, 2, 0]","[37, 2, 7, 0]","[38, 2, 1, 0]",,,,,
67,"[1, 4, 1, 0]","[2, 8, 2, 2]","[4, 2, 7, 0]","[5, 2, 6, 0]","[17, 2, 3, 2]","[18, 2, 3, 2]","[19, 2, 5, 2]","[20, 2, 7, 2]","[21, 2, 6, 2]","[23, 2, 2, 0]","[37, 2, 7, 0]",,,,,,
68,"[1, 4, 1, 4]","[2, 8, 2, 2]","[4, 2, 7, 0]","[5, 2, 6, 0]","[17, 2, 3, 2]","[18, 2, 3, 2]","[19, 2, 5, 2]","[20, 2, 7, 2]","[21, 2, 6, 2]","[23, 2, 2, 2]","[37, 2, 7, 2]","[39, 2, 8, 0]",,,,,
69,"[1, 4, 1, 4]","[2, 8, 2, 2]","[4, 2, 7, 0]","[5, 2, 6, 0]","[17, 2, 3, 2]","[18, 2, 3, 2]","[19, 2, 5, 2]","[20, 2, 7, 2]","[21, 2, 6, 2]","[23, 2, 2, 2]","[37, 2, 7, 2]","[39, 2, 8, 0]","[40, 2, 4, 0]",,,,
70,"[1, 4, 1, 4]","[2, 8, 2, 0]","[4, 2, 7, 0]","[5, 2, 6, 0]","[17, 2, 3, 2]","[18, 2, 3, 2]","[19, 2, 5, 2]","[20, 2, 7, 2]","[21, 2, 6, 2]","[23, 2, 2, 2]","[37, 2, 7, 2]","[39, 2, 8, 0]","[40, 2, 4, 0]","[41, 2, 4, 0]",,,
71,"[1, 4, 1, 4]","[2, 8, 2, 6]","[4, 2, 7, 0]","[5, 2, 6, 0]","[17, 2, 3, 2]","[18, 2, 3, 2]","[19, 2, 5, 2]","[20, 2, 7, 2]","[21, 2, 6, 2]","[23, 2, 2, 2]","[37, 2, 7, 2]","[39, 2, 8, 0]","[40, 2, 4, 0]","[41, 2, 4, 0]","[42, 2, 9, 0]",,
72,"[1, 4, 1, 4]","[2, 8, 2, 6]","[4, 2, 7, 0]","[5, 2, 6, 0]","[17, 2, 3, 2]","[18, 2, 3, 2]","[19, 2, 5, 2]","[20, 2, 7, 2]","[21, 2, 6, 2]","[23, 2, 2, 2]","[37, 2, 7, 2]","[39, 2, 8, 0]","[40, 2, 4, 0]","[41, 2, 4, 0]",,,
73,"[1, 4, 1, 0]","[2, 8, 2, 6]","[4, 2, 7, 0]","[5, 2, 6, 0]","[17, 2, 3, 2]","[18, 2, 3, 2]","[19, 2, 5, 2]","[20, 2, 7, 2]","[21, 2, 6, 2]","[23, 2, 2, 0]","[37, 2, 7, 0]","[39, 2, 8, 0]","[40, 2, 4, 0]","[41, 2, 4, 0]","[43, 2, 3, 0]",,
74,"[1, 4, 1, 0]","[2, 8, 2, 6]","[4, 2, 7, 0]","[5, 2, 6, 0]","[17, 2, 3, 2]","[18, 2, 3, 2]","[19, 2, 5, 2]","[20, 2, 7, 2]","[21, 2, 6, 2]","[23, 2, 2, 0]","[37, 2, 7, 0]","[39, 2, 8, 0]","[40, 2, 4, 0]","[41, 2, 4, 0]",,,
75,"[1, 4, 1, 0]","[2, 8, 2, 8]","[4, 2, 7, 2]","[5, 2, 6, 0]","[17, 2, 3, 2]","[18, 2, 3, 2]","[19, 2, 5, 2]","[20, 2, 7, 2]","[21, 2, 6, 2]","[23, 2, 2, 0]","[37, 2, 7, 0]","[39, 2, 8, 0]","[40, 2, 4, 0]","[41, 2, 4, 0]","[44, 2, 9, 0]",,
76,"[1, 4, 1, 0]","[2, 8, 2, 8]","[4, 2, 7, 2]","[5, 2, 6, 0]","[17, 2, 3, 2]","[18, 2, 3, 2]","[19, 2, 5, 2]","[20, 2, 7, 2]","[21, 2, 6, 2]","[23, 2, 2, 0]","[37, 2, 7, 0]","[39, 2, 8, 0]","[40, 2, 4, 0]","[41, 2, 4, 0]",,,
77,"[1, 4, 1, 0]","[2, 8, 2, 8]","[4, 2, 7, 2]","[5, 2, 6, 0]","[17, 2, 3, 2]","[18, 2, 3, 2]","[19, 2, 5, 2]","[20, 2, 7, 2]","[21, 2, 6, 2]","[23, 2, 2, 0]","[37, 2, 7, 0]","[39, 2, 8, 0]","[40, 2, 4, 0]",,,,
78,"[1, 4, 1, 0]","[2, 8, 2, 8]","[4, 2, 7, 2]","[5, 2, 6, 0]","[17, 2, 3, 2]","[18, 2, 3, 0]","[19, 2, 5, 0]","[20, 2, 7, 0]","[21, 2, 6, 0]","[23, 2, 2, 0]","[37, 2, 7, 0]","[39, 2, 8, 0]","[40, 2, 4, 0]","[45, 2, 4, 0]",,,
79,"[1, 4, 1, 0]","[2, 8, 2, 2]","[4, 2, 7, 2]","[5, 2, 6, 0]","[17, 2, 3, 2]","[18, 2, 3, 0]","[19, 2, 5, 0]","[20, 2, 7, 0]","[21, 2, 6, 0]","[23, 2, 2, 0]","[37, 2, 7, 0]","[39, 2, 8, 0]","[40, 2, 4, 0]",,,,
80,"[1, 4, 1, 0]","[2, 8, 2, 2]","[4, 2, 7, 2]","[5, 2, 6, 2]","[17, 2, 3, 2]","[18, 2, 3, 2]","[19, 2, 5, 2]","[20, 2, 7, 2]","[21, 2, 6, 0]","[23, 2, 2, 0]","[37, 2, 7, 0]","[39, 2, 8, 0]","[40, 2, 4, 0]","[46, 2, 7, 0]",,,
81,"[1, 4, 1, 0]","[2, 8, 2, 2]","[4, 2, 7, 2]","[5, 2, 6, 2]","[17, 2, 3, 2]","[18, 2, 3, 2]","[19, 2, 5, 2]","[20, 2, 7, 2]","[21, 2, 6, 0]","[23, 2, 2, 0]","[37, 2, 7, 0]","[39, 2, 8, 0]","[40, 2, 4, 0]",,,,
82,"[1, 4, 1, 0]","[2, 8, 2, 2]","[4, 2, 7, 2]","[5, 2, 6, 2]","[17, 2, 3, 2]","[18, 2, 3, 2]","[19, 2, 5, 2]","[20, 2, 7, 2]","[21, 2, 6, 2]","[23, 2, 2, 2]","[37, 2, 7, 0]","[39, 2, 8, 0]","[40, 2, 4, 0]","[47, 2, 8, 0]",,,
83,"[1, 4, 1, 2]","[2, 8, 2, 2]","[4, 2, 7, 2]","[5, 2, 6, 2]","[17, 2, 3, 2]","[18, 2, 3, 2]","[19, 2, 5, 2]","[20, 2, 7, 2]","[21, 2, 6, 2]","[23, 2, 2, 2]","[37, 2, 7, 2]","[39, 2, 8, 2]","[40, 2, 4, 2]","[47, 2, 8, 0]","[48, 2, 9, 0]",,
84,"[1, 4, 1, 2]","[2, 8, 2, 2]","[4, 2, 7, 2]","[5, 2, 6, 2]","[17, 2, 3, 2]","[18, 2, 3, 2]","[19, 2, 5, 2]","[20, 2, 7, 2]","[21, 2, 6, 2]","[23, 2, 2, 2]","[37, 2, 7, 2]","[39, 2, 8, 2]","[40, 2, 4, 2]","[47, 2, 8, 0]","[48, 2, 9, 0]","[49, 4, 7, 0]",
85,"[1, 4, 1, 2]","[2, 8, 2, 0]","[4, 2, 7, 0]","[5, 2, 6, 2]","[17, 2, 3, 2]","[18, 2, 3, 2]","[19, 2, 5, 2]","[20, 2, 7, 2]","[21, 2, 6, 2]","[23, 2, 2, 2]","[37, 2, 7, 2]","[39, 2, 8, 2]","[40, 2, 4, 2]","[47, 2, 8, 0]","[48, 2, 9, 0]","[49, 4, 7, 0]","[50, 4, 6, 0]"
86,"[1, 4, 1, 2]","[2, 8, 2, 0]","[4, 2, 7, 0]","[5, 2, 6, 2]","[18, 2, 3, 2]","[19, 2, 5, 2]","[20, 2, 7, 2]","[21, 2, 6, 0]","[23, 2, 2, 1]","[37, 2, 7, 2]","[39, 2, 8, 2]","[40, 2, 4, 2]","[47, 2, 8, 0]","[48, 2, 9, 0]","[49, 4, 7, 0]","[50, 4, 6, 0]",
87,"[1, 4, 1, 2]","[2, 8, 2, 0]","[4, 2, 7, 0]","[5, 2, 6, 2]","[18, 2, 3, 2]","[19, 2, 5, 2]","[20, 2, 7, 2]","[21, 2, 6, 0]","[23, 2, 2, 0]","[37, 2, 7, 0]","[39, 2, 8, 0]","[40, 2, 4, 0]","[47, 2, 8, 0]","[48, 2, 9, 0]","[50, 4, 6, 0]",,
88,"[1, 4, 1, 2]","[2, 8, 2, 0]","[4, 2, 7, 0]","[5, 2, 6, 2]","[18, 2, 3, 2]","[19, 2, 5, 2]","[20, 2, 7, 2]","[21, 2, 6, 0]","[23, 2, 2, 0]","[37, 2, 7, 0]","[39, 2, 8, 0]","[40, 2, 4, 0]","[47, 2, 8, 0]","[48, 2, 9, 0]",,,
89,"[1, 4, 1, 2]","[2, 8, 2, 0]","[4, 2, 7, 0]","[5, 2, 6, 2]","[18, 2, 3, 2]","[19, 2, 5, 2]","[20, 2, 7, 2]","[21, 2, 6, 0]","[23, 2, 2, 0]","[37, 2, 7, 0]","[39, 2, 8, 0]","[40, 2, 4, 0]","[47, 2, 8, 0]",,,,
90,"[1, 4, 1, 4]","[2, 8, 2, 2]","[4, 2, 7, 0]","[5, 2, 6, 2]","[18, 2, 3, 2]","[19, 2, 5, 2]","[20, 2, 7, 2]","[21, 2, 6, 0]","[23, 2, 2, 0]","[37, 2, 7, 0]","[39, 2, 8, 0]","[40, 2, 4, 0]","[47, 2, 8, 0]","[51, 2, 9, 0]",,,
91,"[1, 4, 1, 4]","[2, 8, 2, 2]","[4, 2, 7, 0]","[5, 2, 6, 2]","[18, 2, 3, 2]","[19, 2, 5, 2]","[20, 2, 7, 2]","[21, 2, 6, 0]","[23, 2, 2, 0]","[37, 2, 7, 0]","[39, 2, 8, 0]","[40, 2, 4, 0]","[47, 2, 8, 0]",,,,
92,"[1, 4, 1, 4]","[2, 8, 2, 2]","[4, 2, 7, 0]","[5, 2, 6, 2]","[18, 2, 3, 2]","[19, 2, 5, 2]","[20, 2, 7, 2]","[21, 2, 6, 0]","[23, 2, 2, 0]","[37, 2, 7, 0]","[39, 2, 8, 0]","[40, 2, 4, 0]",,,,,
93,"[1, 4, 1, 4]","[2, 8, 2, 2]","[4, 2, 7, 0]","[5, 2, 6, 0]","[18, 2, 3, 0]","[19, 2, 5, 0]","[20, 2, 7, 0]","[21, 2, 6, 0]","[23, 2, 2, 0]","[37, 2, 7, 0]","[39, 2, 8, 0]",,,,,,
94,"[1, 4, 1, 4]","[2, 8, 2, 2]","[4, 2, 7, 0]","[5, 2, 6, 0]","[18, 2, 3, 0]","[19, 2, 5, 0]","[20, 2, 7, 0]","[21, 2, 6, 0]","[23, 2, 2, 0]","[37, 2, 7, 0]","[39, 2, 8, 0]","[52, 2, 3, 0]",,,,,
95,"[1, 4, 1, 4]","[2, 8, 2, 2]","[4, 2, 7, 0]","[5, 2, 6, 0]","[18, 2, 3, 0]","[19, 2, 5, 0]","[20, 2, 7, 0]","[21, 2, 6, 0]","[23, 2, 2, 0]","[37, 2, 7, 0]","[39, 2, 8, 0]",,,,,,
96,"[1, 4, 1, 4]","[2, 8, 2, 2]","[4, 2, 7, 0]","[5, 2, 6, 0]","[18, 2, 3, 0]","[19, 2, 5, 0]","[20, 2, 7, 0]","[21, 2, 6, 0]","[23, 2, 2, 0]","[37, 2, 7, 0]","[39, 2, 8, 0]","[53, 2, 1, 0]",,,,,
97,"[1, 4, 1, 4]","[2, 8, 2, 2]","[4, 2, 7, 1]","[5, 2, 6, 0]","[18, 2, 3, 0]","[19, 2, 5, 0]","[20, 2, 7, 0]","[21, 2, 6, 0]","[23, 2, 2, 0]","[37, 2, 7, 0]","[39, 2, 8, 0]","[53, 2, 1, 0]","[54, 2, 9, 0]",,,,
98,"[1, 4, 1, 4]","[2, 8, 2, 2]","[4, 2, 7, 0]","[5, 2, 6, 0]","[18, 2, 3, 0]","[19, 2, 5, 0]","[20, 2, 7, 0]","[21, 2, 6, 0]","[23, 2, 2, 0]","[37, 2, 7, 0]","[39, 2, 8, 0]","[53, 2, 1, 0]",,,,,
99,"[1, 4, 1, 4]","[2, 8, 2, 2]","[4, 2, 7, 0]","[5, 2, 6, 0]","[18, 2, 3, 0]","[19, 2, 5, 0]","[20, 2, 7, 0]","[21, 2, 6, 0]","[23, 2, 2, 0]","[37, 2, 7, 0]","[39, 2, 8, 0]",,,,,,
100,"[1, 4, 1, 4]","[2, 8, 2, 2]","[4, 2, 7, 0]","[5, 2, 6, 0]","[18, 2, 3, 0]","[19, 2, 5, 0]","[20, 2, 7, 0]","[21, 2, 6, 0]","[23, 2, 2, 0]","[37, 2, 7, 0]","[39, 2, 8, 0]",,,,,,
101,"[2, 8, 2, 2]","[4, 2, 7, 0]","[5, 2, 6, 0]","[18, 2, 3, 0]","[19, 2, 5, 0]","[20, 2, 7, 0]","[21, 2, 6, 0]","[23, 2, 2, 0]","[37, 2, 7, 0]","[39, 2, 8, 0]",,,,,,,
102,"[2, 8, 2, 2]","[4, 2, 7, 0]","[5, 2, 6, 2]","[18, 2, 3, 2]","[19, 2, 5, 0]","[20, 2, 7, 0]","[21, 2, 6, 0]","[23, 2, 2, 0]","[37, 2, 7, 0]","[39, 2, 8, 0]","[55, 2, 6, 0]",,,,,,
103,"[2, 8, 2, 2]","[4, 2, 7, 0]","[5, 2, 6, 2]","[18, 2, 3, 2]","[19, 2, 5, 0]","[20, 2, 7, 0]","[21, 2, 6, 0]","[23, 2, 2, 0]","[37, 2, 7, 0]","[39, 2, 8, 0]",,,,,,,
104,"[2, 8, 2, 2]","[4, 2, 7, 0]","[5, 2, 6, 2]","[18, 2, 3, 2]","[19, 2, 5, 0]","[20, 2, 7, 0]","[21, 2, 6, 0]","[23, 2, 2, 0]","[37, 2, 7, 0]","[39, 2, 8, 0]","[56, 2, 0, 0]",,,,,,
105,"[2, 8, 2, 2]","[4, 2, 7, 0]","[5, 2, 6, 2]","[18, 2, 3, 2]","[19, 2, 5, 0]","[20, 2, 7, 0]","[21, 2, 6, 0]","[23, 2, 2, 0]","[37, 2, 7, 0]","[56, 2, 0, 0]",,,,,,,
106,"[2, 8, 2, 2]","[4, 2, 7, 0]","[5, 2, 6, 2]","[18, 2, 3, 2]","[19, 2, 5, 0]","[20, 2, 7, 0]","[21, 2, 6, 0]","[23, 2, 2, 0]","[37, 2, 7, 0]","[56, 2, 0, 0]","[57, 2, 1, 0]",,,,,,
107,"[2, 8, 2, 2]","[4, 2, 7, 0]","[5, 2, 6, 2]","[18, 2, 3, 2]","[19, 2, 5, 2]","[20, 2, 7, 2]","[21, 2, 6, 2]","[23, 2, 2, 2]","[37, 2, 7, 0]","[56, 2, 0, 0]","[57, 2, 1, 0]","[58, 2, 9, 0]",,,,,
108,"[2, 8, 2, 0]","[4, 2, 7, 0]","[5, 2, 6, 2]","[18, 2, 3, 2]","[19, 2, 5, 2]","[20, 2, 7, 2]","[21, 2, 6, 2]","[23, 2, 2, 2]","[37, 2, 7, 0]","[56, 2, 0, 0]","[57, 2, 1, 0]","[58, 2, 9, 0]","[59, 2, 3, 0]",,,,
109,"[2, 8, 2, 0]","[4, 2, 7, 0]","[5, 2, 6, 2]","[18, 2, 3, 2]","[19, 2, 5, 2]","[20, 2, 7, 2]","[21, 2, 6, 2]","[23, 2, 2, 2]","[37, 2, 7, 0]","[56, 2, 0, 0]","[57, 2, 1, 0]","[58, 2, 9, 0]",,,,,
110,"[2, 8, 2, 0]","[4, 2, 7, 0]","[5, 2, 6, 2]","[18, 2, 3, 2]","[19, 2, 5, 2]","[20, 2, 7, 2]","[21, 2, 6, 2]","[23, 2, 2, 2]","[37, 2, 7, 0]","[56, 2, 0, 0]","[57, 2, 1, 0]","[58, 2, 9, 0]","[60, 2, 5, 0]",,,,
111,"[2, 8, 2, 0]","[4, 2, 7, 0]","[5, 2, 6, 2]","[18, 2, 3, 2]","[19, 2, 5, 2]","[20, 2, 7, 2]","[21, 2, 6, 2]","[23, 2, 2, 2]","[37, 2, 7, 0]","[56, 2, 0, 0]","[57, 2, 1, 0]","[58, 2, 9, 0]",,,,,
112,"[2, 8, 2, 0]","[4, 2, 7, 0]","[5, 2, 6, 2]","[18, 2, 3, 2]","[19, 2, 5, 2]","[20, 2, 7, 2]","[21, 2, 6, 2]","[23, 2, 2, 2]","[37, 2, 7, 2]","[56, 2, 0, 2]","[57, 2, 1, 0]","[58, 2, 9, 0]","[61, 2, 8, 0]",,,,
113,"[2, 8, 2, 0]","[4, 2, 7, 0]","[5, 2, 6, 2]","[18, 2, 3, 2]","[19, 2, 5, 2]","[20, 2, 7, 2]","[21, 2, 6, 2]","[23, 2, 2, 2]","[37, 2, 7, 2]","[56, 2, 0, 2]","[57, 2, 1, 0]","[58, 2, 9, 0]","[61, 2, 8, 0]","[62, 2, 6, 0]",,,
114,"[2, 8, 2, 0]","[4, 2, 7, 0]","[5, 2, 6, 2]","[18, 2, 3, 2]","[19, 2, 5, 2]","[20, 2, 7, 2]","[21, 2, 6, 2]","[23, 2, 2, 2]","[37, 2, 7, 2]","[56, 2, 0, 2]","[57, 2, 1, 0]","[58, 2, 9, 0]","[61, 2, 8, 0]","[62, 2, 6, 0]","[63, 2, 3, 0]",,
115,"[2, 8, 2, 0]","[4, 2, 7, 0]","[5, 2, 6, 2]","[18, 2, 3, 2]","[19, 2, 5, 0]","[20, 2, 7, 0]","[21, 2, 6, 0]","[23, 2, 2, 1]","[37, 2, 7, 2]","[56, 2, 0, 2]","[57, 2, 1, 0]","[58, 2, 9, 0]","[61, 2, 8, 0]","[62, 2, 6, 0]",,,
116,"[2, 8, 2, 0]","[4, 2, 7, 0]","[5, 2, 6, 2]","[18, 2, 3, 2]","[19, 2, 5, 0]","[20, 2, 7, 0]","[21, 2, 6, 0]","[23, 2, 2, 0]","[37, 2, 7, 2]","[56, 2, 0, 2]","[57, 2, 1, 0]","[58, 2, 9, 0]","[62, 2, 6, 0]",,,,
117,"[2, 8, 2, 0]","[4, 2, 7, 0]","[5, 2, 6, 2]","[18, 2, 3, 2]","[19, 2, 5, 0]","[20, 2, 7, 0]","[21, 2, 6, 0]","[23, 2, 2, 0]","[37, 2, 7, 2]","[56, 2, 0, 2]","[57, 2, 1, 0]","[58, 2, 9, 0]",,,,,
118,"[2, 8, 2, 0]","[4, 2, 7, 0]","[5, 2, 6, 2]","[18, 2, 3, 2]","[19, 2, 5, 0]","[20, 2, 7, 0]","[21, 2, 6, 0]","[23, 2, 2, 0]","[37, 2, 7, 2]","[56, 2, 0, 2]","[58, 2, 9, 0]",,,,,,
119,"[2, 8, 2, 0]","[4, 2, 7, 0]","[5, 2, 6, 2]","[18, 2, 3, 2]","[19, 2, 5, 0]","[20, 2, 7, 0]","[21, 2, 6, 0]","[23, 2, 2, 0]","[37, 2, 7, 2]","[56, 2, 0, 2]",,,,,,,
120,"[2, 8, 2, 6]","[4, 2, 7, 0]","[5, 2, 6, 2]","[18, 2, 3, 0]","[19, 2, 5, 0]","[20, 2, 7, 0]","[21, 2, 6, 0]","[23, 2, 2, 0]","[37, 2, 7, 2]","[56, 2, 0, 2]","[64, 2, 9, 0]",,,,,,
121,"[2, 8, 2, 6]","[4, 2, 7, 0]","[5, 2, 6, 2]","[18, 2, 3, 0]","[19, 2, 5, 0]","[20, 2, 7, 0]","[21, 2, 6, 0]","[23, 2, 2, 0]","[37, 2, 7, 2]","[56, 2, 0, 2]",,,,,,,
122,"[2, 8, 2, 6]","[4, 2, 7, 0]","[5, 2, 6, 2]","[18, 2, 3, 0]","[19, 2, 5, 0]","[20, 2, 7, 0]","[21, 2, 6, 0]","[23, 2, 2, 0]","[37, 2, 7, 2]","[56, 2, 0, 2]","[65, 2, 1, 0]",,,,,,
123,"[2, 8, 2, 6]","[4, 2, 7, 0]","[5, 2, 6, 2]","[18, 2, 3, 0]","[19, 2, 5, 0]","[20, 2, 7, 0]","[21, 2, 6, 0]","[23, 2, 2, 0]","[37, 2, 7, 2]","[56, 2, 0, 2]",,,,,,,
124,"[2, 8, 2, 6]","[4, 2, 7, 0]","[5, 2, 6, 2]","[18, 2, 3, 0]","[19, 2, 5, 0]","[20, 2, 7, 0]","[21, 2, 6, 0]","[23, 2, 2, 0]","[37, 2, 7, 2]","[56, 2, 0, 2]",,,,,,,
125,"[2, 8, 2, 0]","[4, 2, 7, 0]","[5, 2, 6, 2]","[18, 2, 3, 0]","[19, 2, 5, 0]","[20, 2, 7, 0]","[21, 2, 6, 0]","[23, 2, 2, 0]","[37, 2, 7, 0]","[56, 2, 0, 0]",,,,,,,
126,"[2, 8, 2, 0]","[4, 2, 7, 0]","[5, 2, 6, 2]","[18, 2, 3, 0]","[19, 2, 5, 0]","[20, 2, 7, 0]","[21, 2, 6, 0]","[23, 2, 2, 0]","[37, 2, 7, 0]","[56, 2, 0, 0]","[66, 2, 6, 0]",,,,,,
127,"[2, 8, 2, 0]","[4, 2, 7, 0]","[5, 2, 6, 2]","[18, 2, 3, 0]","[19, 2, 5, 0]","[20, 2, 7, 0]","[21, 2, 6, 0]","[23, 2, 2, 0]","[37, 2, 7, 0]","[56, 2, 0, 0]","[66, 2, 6, 0]","[67, 2, 4, 0]",,,,,
128,"[2, 8, 2, 8]","[4, 2, 7, 0]","[5, 2, 6, 2]","[18, 2, 3, 0]","[19, 2, 5, 0]","[20, 2, 7, 0]","[21, 2, 6, 0]","[23, 2, 2, 0]","[37, 2, 7, 0]","[56, 2, 0, 0]","[66, 2, 6, 0]","[67, 2, 4, 0]","[68, 2, 9, 0]",,,,
129,"[2, 8, 2, 8]","[4, 2, 7, 0]","[5, 2, 6, 2]","[18, 2, 3, 0]","[19, 2, 5, 0]","[20, 2, 7, 0]","[21, 2, 6, 0]","[23, 2, 2, 0]","[37, 2, 7, 0]","[56, 2, 0, 0]","[66, 2, 6, 0]","[67, 2, 4, 0]",,,,,
130,"[2, 8, 2, 8]","[4, 2, 7, 0]","[5, 2, 6, 2]","[18, 2, 3, 0]","[19, 2, 5, 0]","[20, 2, 7, 0]","[21, 2, 6, 0]","[23, 2, 2, 0]","[37, 2, 7, 0]","[56, 2, 0, 0]","[66, 2, 6, 0]",,,,,,
131,"[2, 8, 2, 0]","[4, 2, 7, 0]","[5, 2, 6, 2]","[18, 2, 3, 0]","[19, 2, 5, 0]","[20, 2, 7, 0]","[21, 2, 6, 0]","[23, 2, 2, 0]","[56, 2, 0, 0]","[66, 2, 6, 0]",,,,,,,
132,"[2, 8, 2, 0]","[4, 2, 7, 0]","[5, 2, 6, 2]","[18, 2, 3, 0]","[19, 2, 5, 0]","[20, 2, 7, 0]","[21, 2, 6, 0]","[23, 2, 2, 0]","[56, 2, 0, 0]","[66, 2, 6, 0]",,,,,,,
133,"[2, 8, 2, 0]","[4, 2, 7, 0]","[5, 2, 6, 2]","[18, 2, 3, 0]","[19, 2, 5, 0]","[20, 2, 7, 0]","[21, 2, 6, 0]","[23, 2, 2, 0]","[56, 2, 0, 0]","[66, 2, 6, 0]","[69, 2, 4, 0]",,,,,,
134,"[2, 8, 2, 2]","[4, 2, 7, 0]","[5, 2, 6, 2]","[18, 2, 3, 0]","[19, 2, 5, 0]","[20, 2, 7, 0]","[21, 2, 6, 0]","[23, 2, 2, 0]","[56, 2, 0, 0]","[66, 2, 6, 0]",,,,,,,
135,"[2, 8, 2, 2]","[4, 2, 7, 0]","[5, 2, 6, 2]","[18, 2, 3, 0]","[19, 2, 5, 0]","[20, 2, 7, 0]","[21, 2, 6, 0]","[23, 2, 2, 0]","[56, 2, 0, 0]","[66, 2, 6, 0]","[70, 2, 3, 0]",,,,,,
136,"[2, 8, 2, 2]","[4, 2, 7, 0]","[5, 2, 6, 2]","[18, 2, 3, 0]","[19, 2, 5, 0]","[20, 2, 7, 0]","[21, 2, 6, 0]","[23, 2, 2, 0]","[56, 2, 0, 0]","[66, 2, 6, 0]","[70, 2, 3, 0]","[71, 2, 4, 0]",,,,,
137,"[2, 8, 2, 2]","[4, 2, 7, 0]","[5, 2, 6, 2]","[18, 2, 3, 0]","[19, 2, 5, 0]","[20, 2, 7, 0]","[21, 2, 6, 0]","[23, 2, 2, 0]","[56, 2, 0, 0]","[66, 2, 6, 0]","[70, 2, 3, 0]","[71, 2, 4, 0]","[72, 2, 3, 0]",,,,
138,"[2, 8, 2, 8]","[4, 2, 7, 2]","[5, 2, 6, 0]","[18, 2, 3, 0]","[19, 2, 5, 0]","[20, 2, 7, 0]","[21, 2, 6, 0]","[23, 2, 2, 0]","[56, 2, 0, 0]","[66, 2, 6, 0]","[70, 2, 3, 0]","[71, 2, 4, 0]","[72, 2, 3, 0]","[73, 2, 9, 0]",,,
139,"[2, 8, 2, 8]","[4, 2, 7, 2]","[5, 2, 6, 0]","[18, 2, 3, 0]","[19, 2, 5, 0]","[20, 2, 7, 0]","[21, 2, 6, 0]","[23, 2, 2, 0]","[56, 2, 0, 0]","[66, 2, 6, 0]","[70, 2, 3, 0]","[71, 2, 4, 0]","[72, 2, 3, 0]",,,,
140,"[2, 8, 2, 8]","[4, 2, 7, 2]","[5, 2, 6, 0]","[18, 2, 3, 0]","[19, 2, 5, 0]","[20, 2, 7, 0]","[21, 2, 6, 0]","[23, 2, 2, 0]","[56, 2, 0, 0]","[66, 2, 6, 0]","[70, 2, 3, 0]","[71, 2, 4, 0]",,,,,
141,"[2, 8, 2, 8]","[4, 2, 7, 2]","[5, 2, 6, 0]","[18, 2, 3, 0]","[19, 2, 5, 0]","[20, 2, 7, 0]","[21, 2, 6, 0]","[23, 2, 2, 0]","[56, 2, 0, 0]","[66, 2, 6, 0]","[70, 2, 3, 0]",,,,,,
142,"[2, 8, 2, 8]","[4, 2, 7, 2]","[5, 2, 6, 2]","[18, 2, 3, 0]","[19, 2, 5, 0]","[20, 2, 7, 0]","[21, 2, 6, 0]","[23, 2, 2, 0]","[56, 2, 0, 0]","[66, 2, 6, 0]",,,,,,,
143,"[2, 8, 2, 2]","[4, 2, 7, 0]","[5, 2, 6, 2]","[18, 2, 3, 0]","[19, 2, 5, 0]","[20, 2, 7, 0]","[21, 2, 6, 0]","[23, 2, 2, 0]","[56, 2, 0, 0]","[66, 2, 6, 0]","[74, 2, 4, 0]",,,,,,
144,"[2, 8, 2, 2]","[4, 2, 7, 0]","[5, 2, 6, 2]","[18, 2, 3, 0]","[19, 2, 5, 0]","[20, 2, 7, 0]","[21, 2, 6, 0]","[23, 2, 2, 0]","[56, 2, 0, 0]","[66, 2, 6, 0]","[74, 2, 4, 0]","[75, 2, 3, 0]",,,,,
145,"[2, 8, 2, 2]","[4, 2, 7, 0]","[5, 2, 6, 2]","[18, 2, 3, 2]","[19, 2, 5, 0]","[20, 2, 7, 0]","[21, 2, 6, 0]","[23, 2, 2, 0]","[56, 2, 0, 0]","[66, 2, 6, 0]","[75, 2, 3, 0]",,,,,,
146,"[2, 8, 2, 2]","[4, 2, 7, 0]","[5, 2, 6, 2]","[18, 2, 3, 2]","[19, 2, 5, 2]","[20, 2, 7, 0]","[21, 2, 6, 0]","[23, 2, 2, 0]","[56, 2, 0, 0]","[75, 2, 3, 0]",,,,,,,
147,"[2, 8, 2, 2]","[4, 2, 7, 0]","[5, 2, 6, 2]","[18, 2, 3, 2]","[19, 2, 5, 2]","[20, 2, 7, 0]","[21, 2, 6, 0]","[23, 2, 2, 0]","[56, 2, 0, 0]","[75, 2, 3, 0]","[76, 2, 3, 0]",,,,,,
148,"[2, 8, 2, 2]","[4, 2, 7, 0]","[5, 2, 6, 2]","[18, 2, 3, 2]","[19, 2, 5, 2]","[20, 2, 7, 0]","[21, 2, 6, 0]","[23, 2, 2, 0]","[56, 2, 0, 0]","[75, 2, 3, 0]",,,,,,,
149,"[2, 8, 2, 2]","[4, 2, 7, 0]","[5, 2, 6, 2]","[18, 2, 3, 2]","[19, 2, 5, 2]","[20, 2, 7, 0]","[21, 2, 6, 0]","[23, 2, 2, 0]","[56, 2, 0, 0]","[75, 2, 3, 0]","[77, 2, 3, 0]",,,,,,
150,"[2, 8, 2, 2]","[4, 2, 7, 0]","[5, 2, 6, 2]","[18, 2, 3, 2]","[19, 2, 5, 2]","[20, 2, 7, 0]","[21, 2, 6, 0]","[23, 2, 2, 0]","[56, 2, 0, 0]","[75, 2, 3, 0]",,,,,,,
151,"[2, 8, 2, 2]","[4, 2, 7, 0]","[5, 2, 6, 2]","[18, 2, 3, 2]","[19, 2, 5, 2]","[20, 2, 7, 2]","[21, 2, 6, 2]","[23, 2, 2, 0]","[56, 2, 0, 0]","[75, 2, 3, 0]","[78, 2, 9, 0]",,,,,,
152,"[2, 8, 2, 2]","[4, 2, 7, 0]","[5, 2, 6, 2]","[18, 2, 3, 2]","[19, 2, 5, 2]","[20, 2, 7, 2]","[21, 2, 6, 2]","[23, 2, 2, 0]","[56, 2, 0, 0]","[75, 2, 3, 0]","[78, 2, 9, 0]",,,,,,
153,"[2, 8, 2, 2]","[4, 2, 7, 0]","[5, 2, 6, 2]","[18, 2, 3, 2]","[19, 2, 5, 2]","[20, 2, 7, 2]","[21, 2, 6, 2]","[23, 2, 2, 0]","[56, 2, 0, 0]","[75, 2, 3, 0]","[78, 2, 9, 0]",,,,,,
154,"[2, 8, 2, 2]","[4, 2, 7, 0]","[5, 2, 6, 2]","[18, 2, 3, 2]","[19, 2, 5, 2]","[20, 2, 7, 0]","[21, 2, 6, 0]","[23, 2, 2, 0]","[56, 2, 0, 0]","[75, 2, 3, 0]","[78, 2, 9, 0]","[79, 2, 3, 0]",,,,,
155,"[2, 8, 2, 2]","[4, 2, 7, 0]","[5, 2, 6, 2]","[18, 2, 3, 2]","[19, 2, 5, 2]","[20, 2, 7, 0]","[21, 2, 6, 0]","[23, 2, 2, 0]","[56, 2, 0, 0]","[75, 2, 3, 0]","[78, 2, 9, 0]",,,,,,
156,"[2, 8, 2, 2]","[4, 2, 7, 0]","[5, 2, 6, 2]","[18, 2, 3, 2]","[19, 2, 5, 2]","[20, 2, 7, 0]","[21, 2, 6, 0]","[23, 2, 2, 0]","[56, 2, 0, 0]","[75, 2, 3, 0]",,,,,,,
157,"[2, 8, 2, 2]","[4, 2, 7, 0]","[5, 2, 6, 2]","[18, 2, 3, 2]","[19, 2, 5, 2]","[20, 2, 7, 0]","[21, 2, 6, 2]","[23, 2, 2, 2]","[56, 2, 0, 2]","[75, 2, 3, 2]","[80, 2, 9, 0]",,,,,,
158,"[2, 8, 2, 2]","[4, 2, 7, 0]","[5, 2, 6, 2]","[18, 2, 3, 2]","[19, 2, 5, 2]","[20, 2, 7, 0]","[21, 2, 6, 0]","[23, 2, 2, 0]","[56, 2, 0, 0]","[75, 2, 3, 0]","[80, 2, 9, 0]","[81, 2, 3, 0]",,,,,
159,"[2, 8, 2, 2]","[4, 2, 7, 0]","[5, 2, 6, 2]","[18, 2, 3, 2]","[19, 2, 5, 2]","[20, 2, 7, 0]","[21, 2, 6, 0]","[23, 2, 2, 0]","[56, 2, 0, 0]","[75, 2, 3, 0]","[80, 2, 9, 0]",,,,,,
160,"[2, 8, 2, 2]","[4, 2, 7, 0]","[5, 2, 6, 2]","[18, 2, 3, 2]","[19, 2, 5, 2]","[20, 2, 7, 0]","[21, 2, 6, 0]","[23, 2, 2, 0]","[56, 2, 0, 0]","[75, 2, 3, 0]",,,,,,,
161,"[2, 8, 2, 2]","[4, 2, 7, 0]","[5, 2, 6, 2]","[18, 2, 3, 2]","[19, 2, 5, 2]","[20, 2, 7, 0]","[21, 2, 6, 0]","[23, 2, 2, 0]","[56, 2, 0, 0]","[75, 2, 3, 0]",,,,,,,
162,"[2, 8, 2, 4]","[4, 2, 7, 0]","[5, 2, 6, 2]","[18, 2, 3, 0]","[19, 2, 5, 2]","[20, 2, 7, 0]","[21, 2, 6, 0]","[23, 2, 2, 0]","[56, 2, 0, 0]","[75, 2, 3, 2]","[82, 2, 9, 0]",,,,,,
163,"[2, 8, 2, 4]","[4, 2, 7, 0]","[5, 2, 6, 2]","[18, 2, 3, 0]","[19, 2, 5, 2]","[20, 2, 7, 0]","[21, 2, 6, 0]","[23, 2, 2, 0]","[56, 2, 0, 0]","[82, 2, 9, 0]",,,,,,,
164,"[2, 8, 2, 6]","[4, 2, 7, 0]","[5, 2, 6, 2]","[18, 2, 3, 0]","[19, 2, 5, 2]","[20, 2, 7, 0]","[21, 2, 6, 0]","[23, 2, 2, 0]","[56, 2, 0, 0]","[82, 2, 9, 0]","[83, 2, 5, 0]",,,,,,
165,"[2, 8, 2, 6]","[4, 2, 7, 0]","[5, 2, 6, 2]","[18, 2, 3, 0]","[19, 2, 5, 2]","[20, 2, 7, 0]","[21, 2, 6, 0]","[23, 2, 2, 0]","[56, 2, 0, 0]","[82, 2, 9, 0]",,,,,,,
166,"[2, 8, 2, 6]","[4, 2, 7, 0]","[5, 2, 6, 0]","[18, 2, 3, 0]","[19, 2, 5, 2]","[20, 2, 7, 0]","[21, 2, 6, 0]","[23, 2, 2, 0]","[56, 2, 0, 0]","[82, 2, 9, 0]","[84, 2, 4, 0]",,,,,,
167,"[2, 8, 2, 8]","[4, 2, 7, 2]","[5, 2, 6, 0]","[18, 2, 3, 0]","[19, 2, 5, 2]","[20, 2, 7, 0]","[21, 2, 6, 0]","[23, 2, 2, 0]","[56, 2, 0, 0]","[82, 2, 9, 0]","[84, 2, 4, 0]","[85, 2, 8, 0]",,,,,
168,"[2, 8, 2, 4]","[4, 2, 7, 2]","[5, 2, 6, 0]","[18, 2, 3, 0]","[19, 2, 5, 2]","[20, 2, 7, 0]","[21, 2, 6, 0]","[23, 2, 2, 0]","[56, 2, 0, 0]","[82, 2, 9, 0]","[84, 2, 4, 0]",,,,,,
169,"[2, 8, 2, 4]","[4, 2, 7, 2]","[5, 2, 6, 0]","[18, 2, 3, 0]","[19, 2, 5, 2]","[20, 2, 7, 0]","[21, 2, 6, 0]","[23, 2, 2, 0]","[56, 2, 0, 0]","[82, 2, 9, 0]",,,,,,,
170,"[2, 8, 2, 2]","[4, 2, 7, 2]","[5, 2, 6, 0]","[18, 2, 3, 0]","[19, 2, 5, 2]","[20, 2, 7, 0]","[21, 2, 6, 0]","[23, 2, 2, 0]","[56, 2, 0, 0]","[82, 2, 9, 0]",,,,,,,
171,"[2, 8, 2, 2]","[4, 2, 7, 2]","[5, 2, 6, 2]","[18, 2, 3, 2]","[19, 2, 5, 2]","[20, 2, 7, 0]","[21, 2, 6, 0]","[23, 2, 2, 0]","[56, 2, 0, 0]","[82, 2, 9, 0]","[86, 2, 8, 0]",,,,,,
172,"[2, 8, 2, 2]","[4, 2, 7, 2]","[5, 2, 6, 2]","[18, 2, 3, 2]","[19, 2, 5, 2]","[20, 2, 7, 2]","[21, 2, 6, 2]","[23, 2, 2, 2]","[56, 2, 0, 0]","[82, 2, 9, 0]","[86, 2, 8, 0]","[87, 2, 9, 0]",,,,,
173,"[2, 8, 2, 2]","[4, 2, 7, 2]","[5, 2, 6, 2]","[18, 2, 3, 2]","[19, 2, 5, 2]","[20, 2, 7, 2]","[21, 2, 6, 2]","[23, 2, 2, 2]","[56, 2, 0, 0]","[82, 2, 9, 0]","[86, 2, 8, 0]","[87, 2, 9, 0]","[88, 2, 3, 0]",,,,
174,"[2, 8, 2, 2]","[4, 2, 7, 2]","[5, 2, 6, 2]","[18, 2, 3, 2]","[19, 2, 5, 2]","[20, 2, 7, 2]","[21, 2, 6, 2]","[23, 2, 2, 2]","[56, 2, 0, 0]","[82, 2, 9, 0]","[86, 2, 8, 0]","[87, 2, 9, 0]","[88, 2, 3, 0]","[89, 2, 3, 0]",,,
175,"[2, 8, 2, 2]","[4, 2, 7, 2]","[5, 2, 6, 2]","[18, 2, 3, 2]","[19, 2, 5, 2]","[20, 2, 7, 2]","[21, 2, 6, 2]","[23, 2, 2, 2]","[56, 2, 0, 0]","[82, 2, 9, 0]","[86, 2, 8, 0]","[87, 2, 9, 0]","[88, 2, 3, 0]",,,,
176,"[2, 8, 2, 2]","[4, 2, 7, 2]","[5, 2, 6, 2]","[18, 2, 3, 2]","[19, 2, 5, 2]","[20, 2, 7, 2]","[21, 2, 6, 2]","[23, 2, 2, 2]","[56, 2, 0, 0]","[82, 2, 9, 0]","[86, 2, 8, 0]","[87, 2, 9, 0]","[88, 2, 3, 0]","[90, 2, 3, 0]",,,
177,"[2, 8, 2, 2]","[4, 2, 7, 2]","[5, 2, 6, 2]","[18, 2, 3, 2]","[19, 2, 5, 2]","[20, 2, 7, 2]","[21, 2, 6, 2]","[23, 2, 2, 2]","[56, 2, 0, 0]","[82, 2, 9, 0]","[86, 2, 8, 0]","[87, 2, 9, 0]","[90, 2, 3, 0]",,,,
178,"[2, 8, 2, 2]","[4, 2, 7, 2]","[5, 2, 6, 2]","[18, 2, 3, 2]","[19, 2, 5, 2]","[20, 2, 7, 0]","[21, 2, 6, 0]","[23, 2, 2, 0]","[56, 2, 0, 0]","[82, 2, 9, 0]","[86, 2, 8, 0]","[87, 2, 9, 0]","[90, 2, 3, 0]",,,,
179,"[2, 8, 2, 2]","[4, 2, 7, 2]","[5, 2, 6, 2]","[18, 2, 3, 2]","[19, 2, 5, 2]","[20, 2, 7, 0]","[21, 2, 6, 0]","[23, 2, 2, 0]","[56, 2, 0, 2]","[82, 2, 9, 2]","[86, 2, 8, 2]","[87, 2, 9, 2]","[90, 2, 3, 0]","[91, 2, 9, 0]",,,
180,"[2, 8, 2, 2]","[4, 2, 7, 2]","[5, 2, 6, 2]","[18, 2, 3, 2]","[19, 2, 5, 2]","[20, 2, 7, 0]","[21, 2, 6, 0]","[23, 2, 2, 0]","[56, 2, 0, 2]","[82, 2, 9, 2]","[86, 2, 8, 2]","[87, 2, 9, 2]","[90, 2, 3, 0]","[91, 2, 9, 0]","[92, 2, 3, 0]",,
181,"[2, 8, 2, 4]","[4, 2, 7, 2]","[5, 2, 6, 2]","[18, 2, 3, 2]","[19, 2, 5, 2]","[20, 2, 7, 0]","[21, 2, 6, 0]","[23, 2, 2, 0]","[56, 2, 0, 2]","[82, 2, 9, 2]","[86, 2, 8, 2]","[87, 2, 9, 2]","[90, 2, 3, 2]","[91, 2, 9, 2]","[92, 2, 3, 0]","[93, 2, 9, 0]",
182,"[2, 8, 2, 2]","[4, 2, 7, 1]","[5, 2, 6, 2]","[18, 2, 3, 2]","[19, 2, 5, 2]","[20, 2, 7, 0]","[21, 2, 6, 0]","[23, 2, 2, 0]","[56, 2, 0, 2]","[82, 2, 9, 2]","[86, 2, 8, 2]","[87, 2, 9, 2]","[90, 2, 3, 2]","[91, 2, 9, 2]","[92, 2, 3, 0]","[93, 2, 9, 0]","[94, 2, 4, 0]"
183,"[2, 8, 2, 2]","[4, 2, 7, 0]","[5, 2, 6, 2]","[18, 2, 3, 2]","[19, 2, 5, 2]","[20, 2, 7, 0]","[21, 2, 6, 0]","[23, 2, 2, 0]","[56, 2, 0, 2]","[82, 2, 9, 2]","[86, 2, 8, 2]","[87, 2, 9, 2]","[90, 2, 3, 2]","[91, 2, 9, 2]","[92, 2, 3, 0]","[93, 2, 9, 0]",
184,"[2, 8, 2, 2]","[4, 2, 7, 0]","[5, 2, 6, 2]","[18, 2, 3, 2]","[19, 2, 5, 2]","[20, 2, 7, 0]","[21, 2, 6, 0]","[23, 2, 2, 0]","[56, 2, 0, 2]","[82, 2, 9, 2]","[86, 2, 8, 2]","[87, 2, 9, 2]","[90, 2, 3, 2]","[91, 2, 9, 2]","[93, 2, 9, 0]",,
185,"[2, 8, 2, 2]","[4, 2, 7, 0]","[5, 2, 6, 2]","[18, 2, 3, 2]","[19, 2, 5, 2]","[20, 2, 7, 0]","[21, 2, 6, 0]","[23, 2, 2, 0]","[56, 2, 0, 2]","[82, 2, 9, 2]","[86, 2, 8, 2]","[87, 2, 9, 2]","[90, 2, 3, 2]","[91, 2, 9, 2]","[93, 2, 9, 0]","[95, 2, 3, 0]",
186,"[2, 8, 2, 2]","[4, 2, 7, 0]","[5, 2, 6, 2]","[18, 2, 3, 2]","[19, 2, 5, 2]","[20, 2, 7, 0]","[21, 2, 6, 0]","[23, 2, 2, 0]","[56, 2, 0, 2]","[82, 2, 9, 2]","[86, 2, 8, 2]","[87, 2, 9, 2]","[90, 2, 3, 2]","[91, 2, 9, 2]","[93, 2, 9, 0]",,
187,"[2, 8, 2, 1]","[4, 2, 7, 0]","[5, 2, 6, 2]","[18, 2, 3, 2]","[19, 2, 5, 2]","[20, 2, 7, 0]","[21, 2, 6, 0]","[23, 2, 2, 0]","[56, 2, 0, 2]","[82, 2, 9, 2]","[86, 2, 8, 2]","[87, 2, 9, 2]","[90, 2, 3, 0]","[91, 2, 9, 0]","[93, 2, 9, 0]",,
188,"[2, 8, 2, 6]","[4, 2, 7, 0]","[5, 2, 6, 0]","[18, 2, 3, 1]","[19, 2, 5, 2]","[20, 2, 7, 0]","[21, 2, 6, 0]","[23, 2, 2, 0]","[56, 2, 0, 2]","[82, 2, 9, 2]","[86, 2, 8, 2]","[87, 2, 9, 2]","[90, 2, 3, 0]","[91, 2, 9, 0]","[93, 2, 9, 0]","[96, 2, 9, 0]",
189,"[2, 8, 2, 6]","[4, 2, 7, 0]","[5, 2, 6, 0]","[18, 2, 3, 0]","[19, 2, 5, 2]","[20, 2, 7, 0]","[21, 2, 6, 0]","[23, 2, 2, 0]","[56, 2, 0, 2]","[82, 2, 9, 2]","[86, 2, 8, 2]","[87, 2, 9, 2]","[90, 2, 3, 0]","[91, 2, 9, 0]","[93, 2, 9, 0]",,
190,"[2, 8, 2, 6]","[4, 2, 7, 0]","[5, 2, 6, 0]","[18, 2, 3, 0]","[19, 2, 5, 2]","[20, 2, 7, 0]","[21, 2, 6, 0]","[23, 2, 2, 0]","[56, 2, 0, 2]","[82, 2, 9, 2]","[86, 2, 8, 2]","[87, 2, 9, 2]","[90, 2, 3, 0]","[91, 2, 9, 0]",,,
191,"[2, 8, 2, 6]","[4, 2, 7, 0]","[5, 2, 6, 0]","[18, 2, 3, 0]","[19, 2, 5, 2]","[20, 2, 7, 0]","[21, 2, 6, 0]","[23, 2, 2, 0]","[56, 2, 0, 2]","[82, 2, 9, 2]","[86, 2, 8, 2]","[87, 2, 9, 2]","[91, 2, 9, 0]",,,,
192,"[2, 8, 2, 6]","[4, 2, 7, 0]","[5, 2, 6, 0]","[18, 2, 3, 0]","[19, 2, 5, 2]","[20, 2, 7, 0]","[21, 2, 6, 0]","[23, 2, 2, 0]","[56, 2, 0, 0]","[82, 2, 9, 0]","[86, 2, 8, 0]","[87, 2, 9, 1]",,,,,
193,"[2, 8, 2, 6]","[4, 2, 7, 0]","[5, 2, 6, 0]","[18, 2, 3, 0]","[19, 2, 5, 2]","[20, 2, 7, 0]","[21, 2, 6, 0]","[23, 2, 2, 0]","[56, 2, 0, 0]","[82, 2, 9, 0]","[86, 2, 8, 0]",,,,,,
194,"[2, 8, 2, 8]","[4, 2, 7, 2]","[5, 2, 6, 1]","[18, 2, 3, 0]","[19, 2, 5, 2]","[20, 2, 7, 0]","[21, 2, 6, 0]","[23, 2, 2, 0]","[56, 2, 0, 0]","[82, 2, 9, 0]","[86, 2, 8, 0]","[97, 4, 0, 0]",,,,,
195,"[2, 8, 2, 8]","[4, 2, 7, 2]","[5, 2, 6, 1]","[18, 2, 3, 0]","[19, 2, 5, 2]","[20, 2, 7, 0]","[21, 2, 6, 0]","[23, 2, 2, 0]","[56, 2, 0, 0]","[82, 2, 9, 0]","[86, 2, 8, 0]",,,,,,
196,"[2, 8, 2, 8]","[4, 2, 7, 2]","[5, 2, 6, 2]","[18, 2, 3, 1]","[19, 2, 5, 2]","[21, 2, 6, 0]","[23, 2, 2, 0]","[56, 2, 0, 0]","[82, 2, 9, 0]","[86, 2, 8, 0]",,,,,,,
197,"[2, 8, 2, 8]","[4, 2, 7, 2]","[5, 2, 6, 2]","[18, 2, 3, 1]","[19, 2, 5, 2]","[21, 2, 6, 0]","[23, 2, 2, 0]","[56, 2, 0, 0]","[82, 2, 9, 0]","[86, 2, 8, 0]","[98, 2, 4, 0]",,,,,,
198,"[2, 8, 2, 8]","[4, 2, 7, 2]","[5, 2, 6, 2]","[18, 2, 3, 1]","[19, 2, 5, 0]","[21, 2, 6, 0]","[23, 2, 2, 0]","[56, 2, 0, 0]","[82, 2, 9, 0]","[86, 2, 8, 0]","[98, 2, 4, 0]","[99, 2, 3, 0]",,,,,
199,"[2, 8, 2, 8]","[4, 2, 7, 2]","[5, 2, 6, 2]","[18, 2, 3, 1]","[19, 2, 5, 0]","[21, 2, 6, 0]","[23, 2, 2, 0]","[56, 2, 0, 0]","[82, 2, 9, 0]","[86, 2, 8, 0]","[98, 2, 4, 0]",,,,,,
200,"[2, 8, 2, 8]","[4, 2, 7, 2]","[5, 2, 6, 2]","[18, 2, 3, 1]","[19, 2, 5, 0]","[21, 2, 6, 0]","[23, 2, 2, 0]","[56, 2, 0, 0]","[82, 2, 9, 0]","[86, 2, 8, 0]",,,,,,,
201,"[2, 8, 2, 2]","[4, 2, 7, 2]","[5, 2, 6, 2]","[18, 2, 3, 1]","[19, 2, 5, 0]","[21, 2, 6, 0]","[23, 2, 2, 0]","[56, 2, 0, 0]","[82, 2, 9, 0]","[86, 2, 8, 0]","[100, 2, 3, 0]",,,,,,
202,"[2, 8, 2, 2]","[4, 2, 7, 2]","[5, 2, 6, 2]","[18, 2, 3, 2]","[19, 2, 5, 2]","[21, 2, 6, 2]","[23, 2, 2, 2]","[56, 2, 0, 1]","[82, 2, 9, 0]","[86, 2, 8, 0]","[100, 2, 3, 0]","[101, 2, 8, 0]",,,,,
203,"[2, 8, 2, 2]","[4, 2, 7, 2]","[5, 2, 6, 2]","[18, 2, 3, 2]","[19, 2, 5, 2]","[21, 2, 6, 2]","[23, 2, 2, 2]","[56, 2, 0, 1]","[82, 2, 9, 0]","[86, 2, 8, 0]","[100, 2, 3, 0]","[101, 2, 8, 0]",,,,,
204,"[2, 8, 2, 2]","[4, 2, 7, 2]","[5, 2, 6, 2]","[18, 2, 3, 2]","[19, 2, 5, 2]","[21, 2, 6, 2]","[23, 2, 2, 2]","[56, 2, 0, 1]","[82, 2, 9, 0]","[86, 2, 8, 0]","[100, 2, 3, 0]","[101, 2, 8, 0]","[102, 2, 3, 0]",,,,
205,"[2, 8, 2, 2]","[4, 2, 7, 2]","[5, 2, 6, 2]","[18, 2, 3, 2]","[19, 2, 5, 2]","[21, 2, 6, 2]","[23, 2, 2, 2]","[56, 2, 0, 1]","[82, 2, 9, 0]","[86, 2, 8, 0]","[100, 2, 3, 0]","[101, 2, 8, 0]","[102, 2, 3, 0]","[103, 2, 3, 0]",,,
206,"[2, 8, 2, 2]","[4, 2, 7, 2]","[5, 2, 6, 2]","[18, 2, 3, 2]","[19, 2, 5, 2]","[21, 2, 6, 2]","[23, 2, 2, 2]","[56, 2, 0, 1]","[82, 2, 9, 0]","[86, 2, 8, 0]","[100, 2, 3, 0]","[101, 2, 8, 0]","[103, 2, 3, 0]",,,,
207,"[2, 8, 2, 2]","[4, 2, 7, 2]","[5, 2, 6, 2]","[18, 2, 3, 2]","[19, 2, 5, 2]","[21, 2, 6, 2]","[23, 2, 2, 2]","[56, 2, 0, 2]","[82, 2, 9, 2]","[86, 2, 8, 1]","[100, 2, 3, 0]","[101, 2, 8, 0]","[103, 2, 3, 0]","[104, 2, 9, 0]",,,
208,"[2, 8, 2, 2]","[4, 2, 7, 2]","[5, 2, 6, 2]","[18, 2, 3, 2]","[19, 2, 5, 2]","[21, 2, 6, 2]","[23, 2, 2, 2]","[56, 2, 0, 2]","[82, 2, 9, 2]","[86, 2, 8, 1]","[100, 2, 3, 0]","[101, 2, 8, 0]","[103, 2, 3, 0]","[104, 2, 9, 0]","[105, 2, 3, 0]",,
209,"[2, 8, 2, 1]","[4, 2, 7, 2]","[5, 2, 6, 2]","[18, 2, 3, 2]","[19, 2, 5, 2]","[21, 2, 6, 2]","[23, 2, 2, 2]","[56, 2, 0, 2]","[82, 2, 9, 2]","[86, 2, 8, 1]","[100, 2, 3, 0]","[101, 2, 8, 0]","[103, 2, 3, 0]","[104, 2, 9, 0]","[105, 2, 3, 0]",,
210,"[2, 8, 2, 1]","[4, 2, 7, 2]","[5, 2, 6, 2]","[18, 2, 3, 2]","[19, 2, 5, 2]","[21, 2, 6, 2]","[23, 2, 2, 2]","[56, 2, 0, 2]","[82, 2, 9, 2]","[86, 2, 8, 1]","[100, 2, 3, 0]","[101, 2, 8, 0]","[103, 2, 3, 0]","[104, 2, 9, 0]","[105, 2, 3, 0]","[106, 2, 4, 0]",
211,"[2, 8, 2, 1]","[4, 2, 7, 2]","[5, 2, 6, 2]","[18, 2, 3, 2]","[19, 2, 5, 2]","[21, 2, 6, 2]","[23, 2, 2, 2]","[56, 2, 0, 2]","[82, 2, 9, 2]","[86, 2, 8, 1]","[100, 2, 3, 0]","[101, 2, 8, 0]","[103, 2, 3, 0]","[104, 2, 9, 0]","[106, 2, 4, 0]",,
212,"[2, 8, 2, 1]","[4, 2, 7, 2]","[5, 2, 6, 2]","[18, 2, 3, 2]","[19, 2, 5, 2]","[21, 2, 6, 2]","[23, 2, 2, 2]","[56, 2, 0, 2]","[82, 2, 9, 2]","[86, 2, 8, 1]","[100, 2, 3, 0]","[101, 2, 8, 0]","[103, 2, 3, 0]","[104, 2, 9, 0]","[106, 2, 4, 0]","[107, 2, 3, 0]",
213,"[2, 8, 2, 0]","[4, 2, 7, 0]","[5, 2, 6, 1]","[18, 2, 3, 2]","[19, 2, 5, 2]","[21, 2, 6, 2]","[23, 2, 2, 2]","[56, 2, 0, 2]","[82, 2, 9, 2]","[86, 2, 8, 2]","[100, 2, 3, 2]","[101, 2, 8, 2]","[103, 2, 3, 2]","[104, 2, 9, 1]","[106, 2, 4, 0]","[107, 2, 3, 0]","[108, 2, 9, 0]"
214,"[2, 8, 2, 0]","[4, 2, 7, 0]","[5, 2, 6, 1]","[18, 2, 3, 2]","[19, 2, 5, 2]","[21, 2, 6, 2]","[23, 2, 2, 2]","[56, 2, 0, 2]","[82, 2, 9, 2]","[86, 2, 8, 2]","[100, 2, 3, 2]","[101, 2, 8, 2]","[103, 2, 3, 2]","[104, 2, 9, 1]","[106, 2, 4, 0]","[107, 2, 3, 0]","[108, 2, 9, 0]"
215,"[2, 8, 2, 0]","[4, 2, 7, 0]","[5, 2, 6, 1]","[18, 2, 3, 2]","[19, 2, 5, 2]","[21, 2, 6, 2]","[23, 2, 2, 2]","[56, 2, 0, 2]","[82, 2, 9, 2]","[86, 2, 8, 2]","[100, 2, 3, 2]","[101, 2, 8, 2]","[103, 2, 3, 2]","[104, 2, 9, 1]","[106, 2, 4, 0]","[107, 2, 3, 0]","[108, 2, 9, 0]"
216,"[2, 8, 2, 0]","[4, 2, 7, 0]","[5, 2, 6, 1]","[18, 2, 3, 2]","[19, 2, 5, 2]","[21, 2, 6, 2]","[23, 2, 2, 2]","[56, 2, 0, 2]","[82, 2, 9, 2]","[86, 2, 8, 2]","[100, 2, 3, 2]","[101, 2, 8, 2]","[103, 2, 3, 2]","[104, 2, 9, 1]","[106, 2, 4, 0]","[107, 2, 3, 0]","[108, 2, 9, 0]"
217,"[2, 8, 2, 0]","[4, 2, 7, 0]","[5, 2, 6, 1]","[18, 2, 3, 1]","[19, 2, 5, 0]","[21, 2, 6, 0]","[23, 2, 2, 0]","[56, 2, 0, 1]","[82, 2, 9, 2]","[86, 2, 8, 2]","[100, 2, 3, 2]","[101, 2, 8, 2]","[103, 2, 3, 2]","[104, 2, 9, 1]","[106, 2, 4, 0]","[107, 2, 3, 0]","[108, 2, 9, 0]"
218,"[2, 8, 2, 0]","[4, 2, 7, 0]","[5, 2, 6, 1]","[18, 2, 3, 1]","[19, 2, 5, 0]","[21, 2, 6, 0]","[23, 2, 2, 0]","[56, 2, 0, 1]","[82, 2, 9, 2]","[86, 2, 8, 2]","[100, 2, 3, 2]","[101, 2, 8, 2]","[103, 2, 3, 2]","[104, 2, 9, 2]","[106, 2, 4, 2]","[108, 2, 9, 0]",
219,"[2, 8, 2, 0]","[4, 2, 7, 0]","[5, 2, 6, 1]","[18, 2, 3, 1]","[19, 2, 5, 0]","[21, 2, 6, 0]","[23, 2, 2, 0]","[56, 2, 0, 1]","[82, 2, 9, 2]","[86, 2, 8, 2]","[100, 2, 3, 2]","[101, 2, 8, 2]","[103, 2, 3, 2]","[104, 2, 9, 2]","[106, 2, 4, 2]","[108, 2, 9, 1]","[109, 2, 3, 0]"
220,"[2, 8, 2, 0]","[4, 2, 7, 0]","[5, 2, 6, 1]","[18, 2, 3, 1]","[19, 2, 5, 0]","[21, 2, 6, 0]","[23, 2, 2, 0]","[56, 2, 0, 1]","[82, 2, 9, 2]","[86, 2, 8, 2]","[100, 2, 3, 2]","[101, 2, 8, 2]","[103, 2, 3, 2]","[106, 2, 4, 2]","[108, 2, 9, 1]","[109, 2, 3, 0]",
221,"[2, 8, 2, 0]","[4, 2, 7, 0]","[5, 2, 6, 1]","[18, 2, 3, 1]","[19, 2, 5, 0]","[21, 2, 6, 0]","[23, 2, 2, 0]","[56, 2, 0, 1]","[82, 2, 9, 2]","[86, 2, 8, 2]","[100, 2, 3, 2]","[101, 2, 8, 2]","[103, 2, 3, 2]","[106, 2, 4, 2]","[108, 2, 9, 1]",,
222,"[2, 8, 2, 8]","[4, 2, 7, 0]","[5, 2, 6, 1]","[18, 2, 3, 1]","[19, 2, 5, 0]","[21, 2, 6, 0]","[23, 2, 2, 0]","[56, 2, 0, 1]","[82, 2, 9, 2]","[86, 2, 8, 2]","[100, 2, 3, 2]","[101, 2, 8, 2]","[103, 2, 3, 2]","[106, 2, 4, 2]","[108, 2, 9, 1]","[110, 2, 5, 0]",
223,"[2, 8, 2, 8]","[4, 2, 7, 0]","[5, 2, 6, 1]","[18, 2, 3, 1]","[19, 2, 5, 0]","[21, 2, 6, 0]","[23, 2, 2, 0]","[56, 2, 0, 1]","[82, 2, 9, 2]","[86, 2, 8, 2]","[100, 2, 3, 2]","[101, 2, 8, 2]","[103, 2, 3, 2]","[106, 2, 4, 2]","[108, 2, 9, 1]",,
224,"[2, 8, 2, 8]","[4, 2, 7, 0]","[5, 2, 6, 1]","[18, 2, 3, 1]","[19, 2, 5, 0]","[21, 2, 6, 0]","[23, 2, 2, 0]","[56, 2, 0, 1]","[82, 2, 9, 2]","[86, 2, 8, 1]","[100, 2, 3, 0]","[101, 2, 8, 0]","[103, 2, 3, 0]","[106, 2, 4, 2]","[108, 2, 9, 1]","[111, 2, 3, 0]",
225,"[2, 8, 2, 8]","[4, 2, 7, 0]","[5, 2, 6, 1]","[18, 2, 3, 1]","[19, 2, 5, 0]","[21, 2, 6, 0]","[23, 2, 2, 0]","[56, 2, 0, 1]","[82, 2, 9, 2]","[86, 2, 8, 1]","[100, 2, 3, 0]","[101, 2, 8, 0]","[103, 2, 3, 0]","[106, 2, 4, 2]","[108, 2, 9, 1]",,
226,"[2, 8, 2, 8]","[4, 2, 7, 0]","[5, 2, 6, 1]","[18, 2, 3, 1]","[19, 2, 5, 0]","[21, 2, 6, 0]","[23, 2, 2, 0]","[56, 2, 0, 1]","[82, 2, 9, 2]","[86, 2, 8, 1]","[100, 2, 3, 0]","[101, 2, 8, 0]","[103, 2, 3, 0]","[106, 2, 4, 2]",,,
227,"[2, 8, 2, 8]","[4, 2, 7, 2]","[5, 2, 6, 2]","[18, 2, 3, 2]","[19, 2, 5, 2]","[21, 2, 6, 2]","[23, 2, 2, 1]","[56, 2, 0, 1]","[82, 2, 9, 2]","[86, 2, 8, 1]","[100, 2, 3, 0]","[101, 2, 8, 0]","[103, 2, 3, 0]","[106, 2, 4, 2]","[112, 2, 9, 0]",,
228,"[2, 8, 2, 3]","[4, 2, 7, 2]","[5, 2, 6, 2]","[18, 2, 3, 2]","[19, 2, 5, 2]","[21, 2, 6, 2]","[23, 2, 2, 1]","[56, 2, 0, 1]","[82, 2, 9, 2]","[86, 2, 8, 1]","[100, 2, 3, 0]","[101, 2, 8, 0]","[103, 2, 3, 0]","[106, 2, 4, 2]","[112, 2, 9, 0]","[113, 2, 4, 0]",
229,"[2, 8, 2, 2]","[4, 2, 7, 1]","[5, 2, 6, 1]","[18, 2, 3, 1]","[19, 2, 5, 0]","[21, 2, 6, 0]","[23, 2, 2, 0]","[56, 2, 0, 1]","[82, 2, 9, 2]","[86, 2, 8, 1]","[100, 2, 3, 0]","[101, 2, 8, 0]","[103, 2, 3, 0]","[106, 2, 4, 2]","[112, 2, 9, 0]",,
230,"[2, 8, 2, 2]","[4, 2, 7, 1]","[5, 2, 6, 1]","[18, 2, 3, 1]","[19, 2, 5, 0]","[21, 2, 6, 0]","[23, 2, 2, 0]","[56, 2, 0, 1]","[82, 2, 9, 2]","[86, 2, 8, 1]","[100, 2, 3, 0]","[101, 2, 8, 0]","[103, 2, 3, 0]","[106, 2, 4, 2]",,,
231,"[2, 8, 2, 2]","[4, 2, 7, 1]","[5, 2, 6, 1]","[18, 2, 3, 1]","[19, 2, 5, 0]","[21, 2, 6, 0]","[23, 2, 2, 0]","[56, 2, 0, 1]","[82, 2, 9, 2]","[86, 2, 8, 1]","[100, 2, 3, 0]","[101, 2, 8, 0]","[106, 2, 4, 2]",,,,
232,"[2, 8, 2, 2]","[4, 2, 7, 1]","[5, 2, 6, 1]","[18, 2, 3, 1]","[19, 2, 5, 0]","[21, 2, 6, 0]","[23, 2, 2, 0]","[56, 2, 0, 1]","[82, 2, 9, 2]","[86, 2, 8, 1]","[100, 2, 3, 0]","[101, 2, 8, 0]",,,,,
233,"[2, 8, 2, 1]","[4, 2, 7, 1]","[5, 2, 6, 1]","[18, 2, 3, 1]","[19, 2, 5, 0]","[21, 2, 6, 0]","[23, 2, 2, 2]","[56, 2, 0, 1]","[82, 2, 9, 2]","[86, 2, 8, 1]","[100, 2, 3, 0]",,,,,,
234,"[2, 8, 2, 1]","[4, 2, 7, 1]","[5, 2, 6, 1]","[18, 2, 3, 1]","[19, 2, 5, 0]","[21, 2, 6, 0]","[23, 2, 2, 2]","[56, 2, 0, 0]","[82, 2, 9, 0]","[86, 2, 8, 0]","[100, 2, 3, 0]",,,,,,
235,"[2, 8, 2, 1]","[4, 2, 7, 1]","[5, 2, 6, 1]","[18, 2, 3, 1]","[19, 2, 5, 0]","[21, 2, 6, 0]","[23, 2, 2, 2]","[56, 2, 0, 0]","[82, 2, 9, 0]","[86, 2, 8, 0]",,,,,,,
236,"[2, 8, 2, 1]","[4, 2, 7, 1]","[5, 2, 6, 1]","[18, 2, 3, 1]","[19, 2, 5, 0]","[21, 2, 6, 0]","[23, 2, 2, 2]","[56, 2, 0, 0]","[82, 2, 9, 0]","[86, 2, 8, 0]","[114, 2, 6, 0]",,,,,,
237,"[2, 8, 2, 1]","[4, 2, 7, 1]","[5, 2, 6, 1]","[18, 2, 3, 1]","[19, 2, 5, 0]","[21, 2, 6, 0]","[23, 2, 2, 2]","[56, 2, 0, 2]","[82, 2, 9, 2]","[86, 2, 8, 0]","[114, 2, 6, 0]","[115, 2, 6, 0]",,,,,
238,"[2, 8, 2, 1]","[4, 2, 7, 1]","[5, 2, 6, 1]","[18, 2, 3, 1]","[19, 2, 5, 0]","[21, 2, 6, 0]","[23, 2, 2, 2]","[56, 2, 0, 0]","[82, 2, 9, 1]","[86, 2, 8, 0]","[114, 2, 6, 0]",,,,,,
239,"[2, 8, 2, 1]","[4, 2, 7, 1]","[5, 2, 6, 1]","[18, 2, 3, 1]","[19, 2, 5, 0]","[21, 2, 6, 0]","[23, 2, 2, 2]","[56, 2, 0, 0]","[82, 2, 9, 0]","[86, 2, 8, 0]",,,,,,,
240,"[2, 8, 2, 1]","[4, 2, 7, 1]","[5, 2, 6, 1]","[18, 2, 3, 1]","[19, 2, 5, 0]","[21, 2, 6, 0]","[23, 2, 2, 2]","[56, 2, 0, 0]","[82, 2, 9, 0]","[86, 2, 8, 0]","[116, 2, 3, 0]",,,,,,
241,"[2, 8, 2, 1]","[4, 2, 7, 1]","[5, 2, 6, 1]","[18, 2, 3, 1]","[19, 2, 5, 0]","[21, 2, 6, 0]","[23, 2, 2, 2]","[56, 2, 0, 0]","[82, 2, 9, 0]","[86, 2, 8, 0]",,,,,,,
242,"[2, 8, 2, 1]","[4, 2, 7, 1]","[5, 2, 6, 1]","[18, 2, 3, 1]","[19, 2, 5, 0]","[21, 2, 6, 0]","[23, 2, 2, 2]","[56, 2, 0, 0]","[82, 2, 9, 0]","[86, 2, 8, 0]",,,,,,,
243,"[2, 8, 2, 4]","[4, 2, 7, 1]","[5, 2, 6, 1]","[18, 2, 3, 1]","[19, 2, 5, 0]","[21, 2, 6, 0]","[23, 2, 2, 2]","[56, 2, 0, 0]","[82, 2, 9, 2]","[86, 2, 8, 2]","[117, 2, 8, 0]",,,,,,
244,"[2, 8, 2, 4]","[4, 2, 7, 1]","[5, 2, 6, 1]","[18, 2, 3, 1]","[19, 2, 5, 0]","[21, 2, 6, 0]","[23, 2, 2, 2]","[56, 2, 0, 0]","[82, 2, 9, 2]","[86, 2, 8, 2]","[117, 2, 8, 0]","[118, 2, 3, 0]",,,,,
245,"[2, 8, 2, 4]","[4, 2, 7, 1]","[5, 2, 6, 0]","[18, 2, 3, 0]","[19, 2, 5, 0]","[21, 2, 6, 0]","[23, 2, 2, 2]","[56, 2, 0, 0]","[82, 2, 9, 2]","[86, 2, 8, 2]","[117, 2, 8, 0]","[118, 2, 3, 0]","[119, 2, 4, 0]",,,,
246,"[2, 8, 2, 4]","[4, 2, 7, 1]","[5, 2, 6, 0]","[18, 2, 3, 0]","[19, 2, 5, 0]","[21, 2, 6, 0]","[23, 2, 2, 2]","[56, 2, 0, 0]","[82, 2, 9, 2]","[86, 2, 8, 2]","[117, 2, 8, 0]","[119, 2, 4, 0]",,,,,
247,"[2, 8, 2, 2]","[4, 2, 7, 1]","[5, 2, 6, 0]","[18, 2, 3, 0]","[19, 2, 5, 0]","[21, 2, 6, 0]","[23, 2, 2, 2]","[56, 2, 0, 0]","[82, 2, 9, 0]","[86, 2, 8, 0]","[119, 2, 4, 0]",,,,,,
248,"[2, 8, 2, 2]","[4, 2, 7, 0]","[5, 2, 6, 0]","[18, 2, 3, 0]","[19, 2, 5, 0]","[21, 2, 6, 0]","[23, 2, 2, 2]","[56, 2, 0, 0]","[82, 2, 9, 0]","[86, 2, 8, 0]","[119, 2, 4, 0]","[120, 2, 1, 0]",,,,,
249,"[2, 8, 2, 2]","[4, 2, 7, 0]","[5, 2, 6, 0]","[18, 2, 3, 0]","[19, 2, 5, 0]","[21, 2, 6, 0]","[23, 2, 2, 2]","[56, 2, 0, 0]","[82, 2, 9, 0]","[86, 2, 8, 0]","[119, 2, 4, 0]","[120, 2, 1, 0]",,,,,
250,"[2, 8, 2, 2]","[4, 2, 7, 0]","[5, 2, 6, 0]","[18, 2, 3, 0]","[19, 2, 5, 0]","[21, 2, 6, 0]","[23, 2, 2, 2]","[56, 2, 0, 0]","[82, 2, 9, 0]","[86, 2, 8, 0]","[119, 2, 4, 0]","[120, 2, 1, 0]",,,,,
251,"[2, 8, 2, 2]","[4, 2, 7, 0]","[5, 2, 6, 0]","[18, 2, 3, 0]","[19, 2, 5, 0]","[21, 2, 6, 0]","[23, 2, 2, 2]","[56, 2, 0, 0]","[82, 2, 9, 0]","[86, 2, 8, 0]","[119, 2, 4, 0]","[120, 2, 1, 0]","[121, 2, 3, 0]",,,,
252,"[2, 8, 2, 2]","[4, 2, 7, 0]","[5, 2, 6, 0]","[18, 2, 3, 0]","[19, 2, 5, 0]","[21, 2, 6, 0]","[23, 2, 2, 2]","[56, 2, 0, 0]","[82, 2, 9, 0]","[86, 2, 8, 0]","[119, 2, 4, 0]","[121, 2, 3, 0]",,,,,
253,"[2, 8, 2, 2]","[4, 2, 7, 0]","[5, 2, 6, 0]","[18, 2, 3, 0]","[19, 2, 5, 0]","[21, 2, 6, 0]","[23, 2, 2, 2]","[56, 2, 0, 0]","[82, 2, 9, 0]","[86, 2, 8, 0]","[119, 2, 4, 0]","[121, 2, 3, 0]",,,,,
254,"[2, 8, 2, 4]","[4, 2, 7, 0]","[5, 2, 6, 0]","[18, 2, 3, 0]","[19, 2, 5, 0]","[21, 2, 6, 0]","[23, 2, 2, 0]","[56, 2, 0, 0]","[82, 2, 9, 0]","[86, 2, 8, 0]","[121, 2, 3, 0]",,,,,,
255,"[2, 8, 2, 4]","[4, 2, 7, 0]","[5, 2, 6, 0]","[18, 2, 3, 0]","[19, 2, 5, 0]","[21, 2, 6, 0]","[23, 2, 2, 0]","[56, 2, 0, 0]","[82, 2, 9, 0]","[86, 2, 8, 0]","[121, 2, 3, 0]","[122, 2, 6, 0]",,,,,
256,"[2, 8, 2, 4]","[4, 2, 7, 0]","[5, 2, 6, 0]","[18, 2, 3, 0]","[19, 2, 5, 0]","[21, 2, 6, 0]","[23, 2, 2, 0]","[56, 2, 0, 0]","[82, 2, 9, 0]","[86, 2, 8, 0]","[121, 2, 3, 0]","[122, 2, 6, 0]","[123, 2, 7, 0]",,,,
257,"[2, 8, 2, 8]","[4, 2, 7, 2]","[5, 2, 6, 2]","[18, 2, 3, 0]","[19, 2, 5, 0]","[21, 2, 6, 0]","[23, 2, 2, 0]","[56, 2, 0, 0]","[82, 2, 9, 0]","[121, 2, 3, 0]","[122, 2, 6, 0]","[123, 2, 7, 0]",,,,,
258,"[2, 8, 2, 8]","[4, 2, 7, 2]","[5, 2, 6, 2]","[18, 2, 3, 0]","[19, 2, 5, 0]","[21, 2, 6, 0]","[23, 2, 2, 0]","[56, 2, 0, 0]","[82, 2, 9, 0]","[121, 2, 3, 0]","[122, 2, 6, 0]",,,,,,
259,"[2, 8, 2, 8]","[4, 2, 7, 2]","[5, 2, 6, 2]","[18, 2, 3, 2]","[19, 2, 5, 2]","[21, 2, 6, 2]","[23, 2, 2, 2]","[56, 2, 0, 0]","[82, 2, 9, 0]","[121, 2, 3, 0]","[122, 2, 6, 0]","[124, 2, 9, 0]",,,,,
260,"[2, 8, 2, 8]","[4, 2, 7, 2]","[5, 2, 6, 2]","[18, 2, 3, 2]","[19, 2, 5, 2]","[21, 2, 6, 2]","[23, 2, 2, 2]","[56, 2, 0, 0]","[82, 2, 9, 0]","[121, 2, 3, 0]","[122, 2, 6, 0]","[124, 2, 9, 0]",,,,,
261,"[2, 8, 2, 8]","[4, 2, 7, 2]","[5, 2, 6, 2]","[18, 2, 3, 2]","[19, 2, 5, 2]","[21, 2, 6, 2]","[23, 2, 2, 2]","[56, 2, 0, 2]","[82, 2, 9, 2]","[121, 2, 3, 2]","[122, 2, 6, 2]","[124, 2, 9, 0]","[125, 2, 9, 0]",,,,
262,"[2, 8, 2, 8]","[4, 2, 7, 2]","[5, 2, 6, 2]","[18, 2, 3, 2]","[19, 2, 5, 2]","[21, 2, 6, 2]","[23, 2, 2, 2]","[56, 2, 0, 0]","[82, 2, 9, 0]","[121, 2, 3, 0]","[122, 2, 6, 1]","[124, 2, 9, 0]","[125, 2, 9, 0]","[126, 2, 7, 0]",,,
263,"[2, 8, 2, 8]","[4, 2, 7, 2]","[5, 2, 6, 2]","[18, 2, 3, 2]","[19, 2, 5, 2]","[21, 2, 6, 2]","[23, 2, 2, 2]","[56, 2, 0, 0]","[82, 2, 9, 0]","[121, 2, 3, 0]","[122, 2, 6, 0]","[124, 2, 9, 0]","[125, 2, 9, 0]","[126, 2, 7, 0]",,,
264,"[2, 8, 2, 8]","[4, 2, 7, 2]","[5, 2, 6, 2]","[18, 2, 3, 2]","[19, 2, 5, 2]","[21, 2, 6, 2]","[23, 2, 2, 2]","[56, 2, 0, 0]","[121, 2, 3, 0]","[122, 2, 6, 0]","[124, 2, 9, 0]","[125, 2, 9, 0]","[126, 2, 7, 0]",,,,
265,"[2, 8, 2, 8]","[4, 2, 7, 2]","[5, 2, 6, 2]","[18, 2, 3, 2]","[19, 2, 5, 2]","[21, 2, 6, 2]","[23, 2, 2, 2]","[56, 2, 0, 0]","[121, 2, 3, 0]","[122, 2, 6, 0]","[124, 2, 9, 0]","[125, 2, 9, 0]","[126, 2, 7, 0]","[127, 2, 4, 0]",,,
266,"[2, 8, 2, 8]","[4, 2, 7, 2]","[5, 2, 6, 2]","[18, 2, 3, 2]","[19, 2, 5, 2]","[21, 2, 6, 2]","[23, 2, 2, 2]","[56, 2, 0, 0]","[121, 2, 3, 0]","[124, 2, 9, 0]","[125, 2, 9, 0]","[126, 2, 7, 0]","[127, 2, 4, 0]",,,,
267,"[2, 8, 2, 4]","[4, 2, 7, 0]","[5, 2, 6, 0]","[18, 2, 3, 2]","[19, 2, 5, 2]","[21, 2, 6, 2]","[23, 2, 2, 2]","[56, 2, 0, 2]","[121, 2, 3, 0]","[124, 2, 9, 0]","[125, 2, 9, 2]","[126, 2, 7, 2]","[127, 2, 4, 2]",,,,
268,"[2, 8, 2, 4]","[4, 2, 7, 0]","[5, 2, 6, 0]","[18, 2, 3, 2]","[19, 2, 5, 2]","[21, 2, 6, 2]","[23, 2, 2, 2]","[56, 2, 0, 0]","[121, 2, 3, 0]","[124, 2, 9, 0]","[125, 2, 9, 0]","[126, 2, 7, 0]","[127, 2, 4, 0]","[128, 2, 4, 0]",,,
269,"[2, 8, 2, 4]","[4, 2, 7, 0]","[5, 2, 6, 0]","[18, 2, 3, 2]","[19, 2, 5, 2]","[21, 2, 6, 2]","[23, 2, 2, 2]","[56, 2, 0, 0]","[121, 2, 3, 2]","[124, 2, 9, 2]","[125, 2, 9, 0]","[126, 2, 7, 0]","[128, 2, 4, 0]",,,,
270,"[2, 8, 2, 2]","[4, 2, 7, 0]","[5, 2, 6, 0]","[18, 2, 3, 2]","[19, 2, 5, 2]","[21, 2, 6, 2]","[23, 2, 2, 2]","[56, 2, 0, 0]","[121, 2, 3, 2]","[124, 2, 9, 2]","[125, 2, 9, 0]","[126, 2, 7, 0]","[128, 2, 4, 0]","[129, 2, 5, 0]",,,
271,"[2, 8, 2, 2]","[4, 2, 7, 0]","[5, 2, 6, 0]","[18, 2, 3, 2]","[19, 2, 5, 2]","[21, 2, 6, 2]","[23, 2, 2, 2]","[56, 2, 0, 0]","[121, 2, 3, 2]","[124, 2, 9, 2]","[125, 2, 9, 0]","[126, 2, 7, 0]","[129, 2, 5, 0]",,,,
272,"[2, 8, 2, 2]","[4, 2, 7, 0]","[5, 2, 6, 0]","[18, 2, 3, 0]","[19, 2, 5, 0]","[21, 2, 6, 0]","[23, 2, 2, 0]","[56, 2, 0, 0]","[121, 2, 3, 2]","[124, 2, 9, 2]","[125, 2, 9, 0]","[126, 2, 7, 0]","[129, 2, 5, 0]","[130, 2, 5, 0]",,,
273,"[2, 8, 2, 2]","[4, 2, 7, 0]","[5, 2, 6, 0]","[18, 2, 3, 0]","[19, 2, 5, 0]","[21, 2, 6, 0]","[23, 2, 2, 0]","[56, 2, 0, 0]","[121, 2, 3, 2]","[124, 2, 9, 2]","[125, 2, 9, 0]","[126, 2, 7, 0]","[130, 2, 5, 0]",,,,
274,"[2, 8, 2, 2]","[4, 2, 7, 0]","[5, 2, 6, 0]","[18, 2, 3, 0]","[19, 2, 5, 0]","[21, 2, 6, 0]","[23, 2, 2, 0]","[121, 2, 3, 2]","[124, 2, 9, 2]","[125, 2, 9, 2]","[126, 2, 7, 2]","[130, 2, 5, 2]",,,,,
275,"[2, 8, 2, 2]","[4, 2, 7, 0]","[5, 2, 6, 0]","[18, 2, 3, 0]","[19, 2, 5, 0]","[21, 2, 6, 0]","[23, 2, 2, 0]","[121, 2, 3, 2]","[124, 2, 9, 2]","[125, 2, 9, 2]","[126, 2, 7, 2]","[130, 2, 5, 2]","[131, 2, 4, 0]",,,,
276,"[2, 8, 2, 2]","[4, 2, 7, 0]","[5, 2, 6, 0]","[18, 2, 3, 0]","[19, 2, 5, 0]","[21, 2, 6, 0]","[23, 2, 2, 0]","[121, 2, 3, 2]","[124, 2, 9, 2]","[125, 2, 9, 2]","[126, 2, 7, 2]","[130, 2, 5, 2]",,,,,
277,"[2, 8, 2, 6]","[4, 2, 7, 0]","[5, 2, 6, 0]","[18, 2, 3, 0]","[19, 2, 5, 0]","[21, 2, 6, 0]","[23, 2, 2, 0]","[121, 2, 3, 2]","[124, 2, 9, 2]","[125, 2, 9, 2]","[126, 2, 7, 2]","[130, 2, 5, 2]","[132, 2, 7, 0]",,,,
278,"[2, 8, 2, 6]","[4, 2, 7, 0]","[5, 2, 6, 0]","[18, 2, 3, 0]","[19, 2, 5, 0]","[21, 2, 6, 0]","[23, 2, 2, 0]","[121, 2, 3, 2]","[124, 2, 9, 2]","[125, 2, 9, 2]","[126, 2, 7, 2]","[130, 2, 5, 2]",,,,,
279,"[2, 8, 2, 6]","[4, 2, 7, 0]","[5, 2, 6, 0]","[18, 2, 3, 0]","[19, 2, 5, 0]","[21, 2, 6, 0]","[23, 2, 2, 0]","[121, 2, 3, 2]","[124, 2, 9, 2]","[125, 2, 9, 2]","[126, 2, 7, 2]","[130, 2, 5, 2]","[133, 2, 4, 0]",,,,
280,"[2, 8, 2, 6]","[4, 2, 7, 0]","[5, 2, 6, 0]","[18, 2, 3, 0]","[19, 2, 5, 0]","[21, 2, 6, 0]","[23, 2, 2, 0]","[121, 2, 3, 2]","[124, 2, 9, 2]","[125, 2, 9, 2]","[126, 2, 7, 2]","[130, 2, 5, 2]",,,,,
281,"[2, 8, 2, 4]","[4, 2, 7, 0]","[5, 2, 6, 0]","[18, 2, 3, 0]","[19, 2, 5, 0]","[21, 2, 6, 0]","[23, 2, 2, 0]","[121, 2, 3, 2]","[124, 2, 9, 2]","[125, 2, 9, 2]","[126, 2, 7, 2]","[130, 2, 5, 2]",,,,,
282,"[2, 8, 2, 4]","[4, 2, 7, 0]","[5, 2, 6, 0]","[18, 2, 3, 0]","[19, 2, 5, 0]","[21, 2, 6, 0]","[23, 2, 2, 0]","[121, 2, 3, 2]","[124, 2, 9, 2]","[125, 2, 9, 2]","[126, 2, 7, 2]","[130, 2, 5, 2]","[134, 2, 4, 0]",,,,
283,"[2, 8, 2, 6]","[4, 2, 7, 0]","[5, 2, 6, 0]","[18, 2, 3, 0]","[19, 2, 5, 0]","[21, 2, 6, 0]","[23, 2, 2, 0]","[121, 2, 3, 2]","[124, 2, 9, 2]","[125, 2, 9, 2]","[126, 2, 7, 2]","[130, 2, 5, 2]",,,,,
284,"[2, 8, 2, 6]","[4, 2, 7, 0]","[5, 2, 6, 0]","[18, 2, 3, 0]","[19, 2, 5, 0]","[21, 2, 6, 0]","[23, 2, 2, 0]","[121, 2, 3, 0]","[124, 2, 9, 0]","[125, 2, 9, 2]","[126, 2, 7, 2]","[130, 2, 5, 2]",,,,,
285,"[2, 8, 2, 8]","[4, 2, 7, 0]","[5, 2, 6, 0]","[18, 2, 3, 0]","[19, 2, 5, 0]","[21, 2, 6, 0]","[23, 2, 2, 0]","[121, 2, 3, 0]","[124, 2, 9, 0]","[125, 2, 9, 2]","[126, 2, 7, 2]",,,,,,
286,"[2, 8, 2, 8]","[4, 2, 7, 2]","[5, 2, 6, 0]","[18, 2, 3, 0]","[19, 2, 5, 0]","[21, 2, 6, 0]","[23, 2, 2, 0]","[121, 2, 3, 0]","[124, 2, 9, 0]","[125, 2, 9, 2]",,,,,,,
287,"[2, 8, 2, 8]","[4, 2, 7, 2]","[5, 2, 6, 2]","[18, 2, 3, 0]","[19, 2, 5, 0]","[21, 2, 6, 0]","[23, 2, 2, 0]","[121, 2, 3, 0]","[124, 2, 9, 0]","[125, 2, 9, 0]","[135, 2, 6, 0]",,,,,,
288,"[2, 8, 2, 8]","[4, 2, 7, 2]","[5, 2, 6, 2]","[18, 2, 3, 0]","[19, 2, 5, 0]","[21, 2, 6, 0]","[23, 2, 2, 0]","[121, 2, 3, 0]","[124, 2, 9, 0]","[135, 2, 6, 0]",,,,,,,
289,"[2, 8, 2, 8]","[4, 2, 7, 2]","[5, 2, 6, 2]","[18, 2, 3, 2]","[19, 2, 5, 2]","[21, 2, 6, 0]","[23, 2, 2, 0]","[121, 2, 3, 0]","[124, 2, 9, 0]","[135, 2, 6, 0]",,,,,,,
290,"[2, 8, 2, 8]","[4, 2, 7, 2]","[5, 2, 6, 2]","[18, 2, 3, 2]","[19, 2, 5, 2]","[21, 2, 6, 0]","[23, 2, 2, 0]","[121, 2, 3, 0]","[124, 2, 9, 0]","[135, 2, 6, 0]",,,,,,,
291,"[2, 8, 2, 8]","[4, 2, 7, 2]","[5, 2, 6, 2]","[18, 2, 3, 2]","[19, 2, 5, 2]","[21, 2, 6, 0]","[23, 2, 2, 0]","[121, 2, 3, 0]","[124, 2, 9, 0]","[135, 2, 6, 0]","[136, 2, 4, 0]",,,,,,
292,"[2, 8, 2, 8]","[4, 2, 7, 2]","[5, 2, 6, 2]","[18, 2, 3, 2]","[19, 2, 5, 2]","[21, 2, 6, 0]","[23, 2, 2, 0]","[121, 2, 3, 0]","[124, 2, 9, 0]","[135, 2, 6, 0]","[136, 2, 4, 0]","[137, 2, 4, 0]",,,,,
293,"[2, 8, 2, 8]","[4, 2, 7, 2]","[5, 2, 6, 2]","[18, 2, 3, 2]","[19, 2, 5, 2]","[21, 2, 6, 2]","[23, 2, 2, 0]","[121, 2, 3, 0]","[124, 2, 9, 0]","[135, 2, 6, 0]","[136, 2, 4, 0]",,,,,,
294,"[2, 8, 2, 8]","[4, 2, 7, 2]","[5, 2, 6, 2]","[18, 2, 3, 2]","[19, 2, 5, 2]","[21, 2, 6, 2]","[23, 2, 2, 0]","[121, 2, 3, 0]","[124, 2, 9, 0]","[135, 2, 6, 0]","[136, 2, 4, 0]",,,,,,
295,"[2, 8, 2, 8]","[4, 2, 7, 2]","[5, 2, 6, 2]","[18, 2, 3, 2]","[19, 2, 5, 2]","[21, 2, 6, 2]","[23, 2, 2, 0]","[121, 2, 3, 0]","[124, 2, 9, 0]","[135, 2, 6, 0]","[136, 2, 4, 0]",,,,,,
296,"[2, 8, 2, 8]","[4, 2, 7, 2]","[5, 2, 6, 2]","[18, 2, 3, 2]","[19, 2, 5, 2]","[21, 2, 6, 2]","[23, 2, 2, 0]","[121, 2, 3, 0]","[124, 2, 9, 0]","[135, 2, 6, 0]","[136, 2, 4, 0]","[138, 2, 4, 0]",,,,,
297,"[2, 8, 2, 8]","[4, 2, 7, 2]","[5, 2, 6, 2]","[18, 2, 3, 2]","[19, 2, 5, 2]","[21, 2, 6, 2]","[23, 2, 2, 2]","[121, 2, 3, 2]","[124, 2, 9, 0]","[135, 2, 6, 0]","[136, 2, 4, 0]","[138, 2, 4, 0]","[139, 2, 8, 0]",,,,
298,"[2, 8, 2, 8]","[4, 2, 7, 0]","[5, 2, 6, 2]","[18, 2, 3, 2]","[19, 2, 5, 2]","[21, 2, 6, 2]","[23, 2, 2, 2]","[121, 2, 3, 2]","[124, 2, 9, 0]","[135, 2, 6, 0]","[136, 2, 4, 0]","[138, 2, 4, 0]","[139, 2, 8, 0]","[140, 2, 5, 0]",,,
299,"[2, 8, 2, 4]","[4, 2, 7, 0]","[5, 2, 6, 0]","[18, 2, 3, 0]","[19, 2, 5, 0]","[21, 2, 6, 2]","[23, 2, 2, 2]","[121, 2, 3, 2]","[124, 2, 9, 0]","[135, 2, 6, 0]","[136, 2, 4, 0]","[138, 2, 4, 0]","[139, 2, 8, 0]","[140, 2, 5, 0]",,,
300,"[2, 8, 2, 4]","[4, 2, 7, 0]","[5, 2, 6, 0]","[18, 2, 3, 0]","[19, 2, 5, 0]","[21, 2, 6, 2]","[23, 2, 2, 0]","[121, 2, 3, 0]","[124, 2, 9, 0]","[135, 2, 6, 0]","[136, 2, 4, 0]","[138, 2, 4, 0]","[140, 2, 5, 0]",,,,
301,"[2, 8, 2, 4]","[4, 2, 7, 0]","[5, 2, 6, 0]","[18, 2, 3, 0]","[19, 2, 5, 0]","[21, 2, 6, 2]","[23, 2, 2, 0]","[121, 2, 3, 0]","[124, 2, 9, 0]","[135, 2, 6, 0]","[136, 2, 4, 0]","[138, 2, 4, 0]",,,,,
302,"[2, 8, 2, 4]","[4, 2, 7, 0]","[5, 2, 6, 0]","[19, 2, 5, 0]","[21, 2, 6, 2]","[23, 2, 2, 0]","[121, 2, 3, 0]","[124, 2, 9, 0]","[135, 2, 6, 0]","[136, 2, 4, 0]","[138, 2, 4, 0]",,,,,,
303,"[2, 8, 2, 4]","[4, 2, 7, 0]","[5, 2, 6, 0]","[19, 2, 5, 0]","[21, 2, 6, 2]","[23, 2, 2, 0]","[121, 2, 3, 0]","[124, 2, 9, 0]","[135, 2, 6, 0]","[136, 2, 4, 0]","[138, 2, 4, 0]",,,,,,
304,"[2, 8, 2, 4]","[4, 2, 7, 0]","[5, 2, 6, 0]","[19, 2, 5, 0]","[21, 2, 6, 2]","[23, 2, 2, 0]","[121, 2, 3, 0]","[124, 2, 9, 0]","[135, 2, 6, 0]","[136, 2, 4, 0]","[138, 2, 4, 0]",,,,,,
305,"[2, 8, 2, 4]","[4, 2, 7, 0]","[5, 2, 6, 0]","[19, 2, 5, 0]","[21, 2, 6, 2]","[23, 2, 2, 0]","[121, 2, 3, 0]","[124, 2, 9, 2]","[135, 2, 6, 0]","[136, 2, 4, 0]",,,,,,,
306,"[2, 8, 2, 4]","[4, 2, 7, 0]","[5, 2, 6, 0]","[19, 2, 5, 0]","[21, 2, 6, 2]","[23, 2, 2, 0]","[121, 2, 3, 0]","[124, 2, 9, 2]","[135, 2, 6, 0]","[136, 2, 4, 0]","[141, 2, 5, 0]",,,,,,
307,"[2, 8, 2, 4]","[4, 2, 7, 0]","[5, 2, 6, 0]","[19, 2, 5, 0]","[21, 2, 6, 2]","[23, 2, 2, 0]","[121, 2, 3, 0]","[124, 2, 9, 2]","[135, 2, 6, 0]","[136, 2, 4, 0]",,,,,,,
308,"[2, 8, 2, 4]","[4, 2, 7, 0]","[5, 2, 6, 0]","[19, 2, 5, 0]","[21, 2, 6, 2]","[23, 2, 2, 0]","[121, 2, 3, 0]","[124, 2, 9, 2]","[135, 2, 6, 0]","[136, 2, 4, 0]","[142, 2, 5, 0]",,,,,,
309,"[2, 8, 2, 4]","[4, 2, 7, 0]","[5, 2, 6, 0]","[19, 2, 5, 0]","[21, 2, 6, 2]","[23, 2, 2, 0]","[121, 2, 3, 0]","[124, 2, 9, 2]","[135, 2, 6, 0]","[136, 2, 4, 0]",,,,,,,
310,"[2, 8, 2, 4]","[4, 2, 7, 0]","[5, 2, 6, 0]","[19, 2, 5, 0]","[21, 2, 6, 2]","[23, 2, 2, 0]","[121, 2, 3, 0]","[124, 2, 9, 2]","[135, 2, 6, 0]","[136, 2, 4, 0]","[143, 2, 5, 0]",,,,,,
311,"[2, 8, 2, 4]","[4, 2, 7, 0]","[5, 2, 6, 0]","[19, 2, 5, 0]","[21, 2, 6, 2]","[23, 2, 2, 0]","[121, 2, 3, 0]","[124, 2, 9, 2]","[135, 2, 6, 0]","[136, 2, 4, 0]",,,,,,,
312,"[2, 8, 2, 6]","[4, 2, 7, 0]","[5, 2, 6, 0]","[19, 2, 5, 0]","[21, 2, 6, 0]","[23, 2, 2, 0]","[121, 2, 3, 0]","[124, 2, 9, 2]","[135, 2, 6, 2]","[136, 2, 4, 2]",,,,,,,
313,"[2, 8, 2, 6]","[4, 2, 7, 0]","[5, 2, 6, 0]","[19, 2, 5, 0]","[21, 2, 6, 0]","[23, 2, 2, 0]","[121, 2, 3, 0]","[124, 2, 9, 2]","[135, 2, 6, 2]","[136, 2, 4, 2]",,,,,,,
314,"[2, 8, 2, 6]","[4, 2, 7, 0]","[5, 2, 6, 0]","[19, 2, 5, 0]","[21, 2, 6, 0]","[23, 2, 2, 0]","[121, 2, 3, 0]","[124, 2, 9, 2]","[135, 2, 6, 2]","[136, 2, 4, 2]",,,,,,,
315,"[2, 8, 2, 6]","[4, 2, 7, 0]","[5, 2, 6, 0]","[19, 2, 5, 0]","[21, 2, 6, 0]","[23, 2, 2, 0]","[121, 2, 3, 0]","[124, 2, 9, 2]","[135, 2, 6, 2]","[136, 2, 4, 2]","[144, 2, 1, 0]",,,,,,
316,"[2, 8, 2, 6]","[4, 2, 7, 0]","[5, 2, 6, 0]","[19, 2, 5, 0]","[21, 2, 6, 0]","[23, 2, 2, 0]","[121, 2, 3, 0]","[124, 2, 9, 2]","[135, 2, 6, 2]","[136, 2, 4, 2]",,,,,,,
317,"[2, 8, 2, 6]","[4, 2, 7, 0]","[5, 2, 6, 0]","[19, 2, 5, 0]","[21, 2, 6, 0]","[23, 2, 2, 0]","[121, 2, 3, 0]","[124, 2, 9, 2]","[135, 2, 6, 2]","[136, 2, 4, 2]",,,,,,,
318,"[2, 8, 2, 6]","[4, 2, 7, 0]","[5, 2, 6, 0]","[19, 2, 5, 0]","[21, 2, 6, 0]","[23, 2, 2, 0]","[121, 2, 3, 0]","[124, 2, 9, 2]","[135, 2, 6, 2]","[136, 2, 4, 2]",,,,,,,
319,"[2, 8, 2, 6]","[4, 2, 7, 0]","[5, 2, 6, 0]","[19, 2, 5, 0]","[21, 2, 6, 0]","[23, 2, 2, 0]","[121, 2, 3, 0]","[124, 2, 9, 2]","[135, 2, 6, 2]","[136, 2, 4, 2]","[145, 2, 4, 0]",,,,,,
320,"[2, 8, 2, 6]","[4, 2, 7, 0]","[5, 2, 6, 0]","[19, 2, 5, 0]","[21, 2, 6, 0]","[23, 2, 2, 0]","[121, 2, 3, 0]","[124, 2, 9, 2]","[135, 2, 6, 2]","[136, 2, 4, 2]",,,,,,,
321,"[2, 8, 2, 6]","[4, 2, 7, 0]","[5, 2, 6, 0]","[19, 2, 5, 0]","[21, 2, 6, 0]","[23, 2, 2, 0]","[121, 2, 3, 0]","[124, 2, 9, 2]","[135, 2, 6, 2]","[136, 2, 4, 2]","[146, 2, 4, 0]",,,,,,
322,"[2, 8, 2, 6]","[4, 2, 7, 0]","[5, 2, 6, 0]","[19, 2, 5, 0]","[21, 2, 6, 0]","[23, 2, 2, 0]","[121, 2, 3, 0]","[124, 2, 9, 2]","[135, 2, 6, 2]","[136, 2, 4, 2]",,,,,,,
323,"[2, 8, 2, 6]","[4, 2, 7, 2]","[5, 2, 6, 2]","[19, 2, 5, 2]","[21, 2, 6, 0]","[23, 2, 2, 0]","[121, 2, 3, 0]","[124, 2, 9, 2]","[135, 2, 6, 0]","[136, 2, 4, 0]",,,,,,,
324,"[2, 8, 2, 6]","[4, 2, 7, 2]","[5, 2, 6, 2]","[19, 2, 5, 2]","[21, 2, 6, 0]","[23, 2, 2, 0]","[121, 2, 3, 0]","[124, 2, 9, 2]","[135, 2, 6, 0]","[136, 2, 4, 0]",,,,,,,
325,"[2, 8, 2, 6]","[4, 2, 7, 2]","[5, 2, 6, 2]","[19, 2, 5, 2]","[21, 2, 6, 0]","[23, 2, 2, 0]","[121, 2, 3, 0]","[124, 2, 9, 2]","[135, 2, 6, 0]","[136, 2, 4, 0]",,,,,,,
326,"[2, 8, 2, 6]","[4, 2, 7, 2]","[5, 2, 6, 2]","[19, 2, 5, 2]","[21, 2, 6, 2]","[23, 2, 2, 0]","[121, 2, 3, 0]","[124, 2, 9, 2]","[135, 2, 6, 0]","[136, 2, 4, 0]","[147, 2, 7, 0]",,,,,,
327,"[2, 8, 2, 6]","[4, 2, 7, 2]","[5, 2, 6, 2]","[19, 2, 5, 2]","[21, 2, 6, 2]","[23, 2, 2, 0]","[121, 2, 3, 0]","[124, 2, 9, 2]","[135, 2, 6, 0]","[136, 2, 4, 0]","[147, 2, 7, 0]",,,,,,
328,"[2, 8, 2, 6]","[4, 2, 7, 2]","[5, 2, 6, 2]","[19, 2, 5, 2]","[21, 2, 6, 2]","[23, 2, 2, 0]","[121, 2, 3, 0]","[124, 2, 9, 2]","[135, 2, 6, 0]","[136, 2, 4, 0]","[147, 2, 7, 0]",,,,,,
329,"[2, 8, 2, 6]","[4, 2, 7, 2]","[5, 2, 6, 2]","[19, 2, 5, 2]","[21, 2, 6, 2]","[23, 2, 2, 0]","[121, 2, 3, 0]","[124, 2, 9, 2]","[135, 2, 6, 0]","[136, 2, 4, 0]","[147, 2, 7, 0]",,,,,,
330,"[2, 8, 2, 6]","[4, 2, 7, 2]","[5, 2, 6, 2]","[19, 2, 5, 2]","[21, 2, 6, 2]","[23, 2, 2, 2]","[121, 2, 3, 2]","[124, 2, 9, 2]","[135, 2, 6, 0]","[136, 2, 4, 0]","[147, 2, 7, 0]",,,,,,
331,"[2, 8, 2, 6]","[4, 2, 7, 2]","[5, 2, 6, 2]","[19, 2, 5, 2]","[21, 2, 6, 0]","[23, 2, 2, 2]","[121, 2, 3, 2]","[124, 2, 9, 2]","[135, 2, 6, 2]","[136, 2, 4, 2]","[147, 2, 7, 2]",,,,,,
332,"[2, 8, 2, 6]","[4, 2, 7, 2]","[5, 2, 6, 2]","[19, 2, 5, 2]","[21, 2, 6, 0]","[23, 2, 2, 2]","[121, 2, 3, 2]","[124, 2, 9, 2]","[135, 2, 6, 2]","[136, 2, 4, 2]","[147, 2, 7, 2]","[148, 2, 7, 0]",,,,,
333,"[2, 8, 2, 6]","[4, 2, 7, 2]","[5, 2, 6, 2]","[19, 2, 5, 2]","[21, 2, 6, 0]","[23, 2, 2, 2]","[121, 2, 3, 2]","[124, 2, 9, 2]","[135, 2, 6, 2]","[136, 2, 4, 2]","[147, 2, 7, 2]","[148, 2, 7, 0]","[149, 2, 5, 0]",,,,
334,"[2, 8, 2, 4]","[4, 2, 7, 0]","[5, 2, 6, 0]","[19, 2, 5, 1]","[21, 2, 6, 0]","[23, 2, 2, 2]","[121, 2, 3, 2]","[124, 2, 9, 2]","[135, 2, 6, 2]","[136, 2, 4, 2]","[147, 2, 7, 2]","[148, 2, 7, 0]","[149, 2, 5, 0]","[150, 2, 5, 0]",,,
335,"[2, 8, 2, 4]","[4, 2, 7, 0]","[5, 2, 6, 0]","[19, 2, 5, 0]","[21, 2, 6, 2]","[23, 2, 2, 2]","[121, 2, 3, 2]","[124, 2, 9, 2]","[135, 2, 6, 2]","[147, 2, 7, 2]","[148, 2, 7, 0]","[149, 2, 5, 0]","[150, 2, 5, 0]",,,,
336,"[2, 8, 2, 4]","[4, 2, 7, 0]","[5, 2, 6, 0]","[19, 2, 5, 0]","[21, 2, 6, 2]","[23, 2, 2, 2]","[121, 2, 3, 2]","[124, 2, 9, 2]","[135, 2, 6, 2]","[147, 2, 7, 2]","[148, 2, 7, 2]","[149, 2, 5, 0]","[150, 2, 5, 0]",,,,
337,"[2, 8, 2, 4]","[4, 2, 7, 0]","[5, 2, 6, 0]","[19, 2, 5, 0]","[21, 2, 6, 2]","[23, 2, 2, 2]","[121, 2, 3, 2]","[124, 2, 9, 2]","[135, 2, 6, 2]","[147, 2, 7, 2]","[148, 2, 7, 2]","[149, 2, 5, 0]","[150, 2, 5, 0]",,,,
338,"[2, 8, 2, 3]","[4, 2, 7, 0]","[5, 2, 6, 0]","[19, 2, 5, 0]","[21, 2, 6, 2]","[23, 2, 2, 2]","[121, 2, 3, 2]","[124, 2, 9, 2]","[135, 2, 6, 0]","[147, 2, 7, 0]","[148, 2, 7, 2]","[149, 2, 5, 0]","[150, 2, 5, 0]","[151, 2, 1, 0]",,,
339,"[2, 8, 2, 2]","[4, 2, 7, 0]","[5, 2, 6, 0]","[19, 2, 5, 0]","[21, 2, 6, 2]","[23, 2, 2, 2]","[121, 2, 3, 2]","[124, 2, 9, 2]","[135, 2, 6, 0]","[147, 2, 7, 0]","[148, 2, 7, 2]","[149, 2, 5, 0]","[150, 2, 5, 0]",,,,
340,"[2, 8, 2, 6]","[4, 2, 7, 0]","[5, 2, 6, 0]","[19, 2, 5, 0]","[21, 2, 6, 2]","[23, 2, 2, 2]","[121, 2, 3, 2]","[124, 2, 9, 1]","[135, 2, 6, 0]","[147, 2, 7, 0]","[148, 2, 7, 2]","[149, 2, 5, 2]","[150, 2, 5, 2]",,,,
341,"[2, 8, 2, 6]","[4, 2, 7, 2]","[5, 2, 6, 2]","[19, 2, 5, 2]","[21, 2, 6, 0]","[23, 2, 2, 2]","[121, 2, 3, 2]","[124, 2, 9, 0]","[135, 2, 6, 0]","[147, 2, 7, 0]","[148, 2, 7, 2]","[149, 2, 5, 2]","[150, 2, 5, 2]",,,,
342,"[2, 8, 2, 2]","[4, 2, 7, 2]","[5, 2, 6, 2]","[19, 2, 5, 2]","[21, 2, 6, 0]","[23, 2, 2, 2]","[121, 2, 3, 2]","[124, 2, 9, 0]","[135, 2, 6, 0]","[147, 2, 7, 0]","[148, 2, 7, 2]","[149, 2, 5, 0]","[150, 2, 5, 0]","[152, 2, 4, 0]",,,
343,"[2, 8, 2, 2]","[4, 2, 7, 2]","[5, 2, 6, 2]","[19, 2, 5, 2]","[21, 2, 6, 2]","[23, 2, 2, 0]","[121, 2, 3, 1]","[124, 2, 9, 2]","[135, 2, 6, 2]","[147, 2, 7, 2]","[148, 2, 7, 2]","[149, 2, 5, 0]","[150, 2, 5, 0]","[152, 2, 4, 0]",,,
344,"[2, 8, 2, 2]","[4, 2, 7, 2]","[5, 2, 6, 2]","[19, 2, 5, 2]","[21, 2, 6, 0]","[23, 2, 2, 0]","[121, 2, 3, 0]","[124, 2, 9, 0]","[135, 2, 6, 0]","[147, 2, 7, 0]","[148, 2, 7, 0]","[149, 2, 5, 0]","[150, 2, 5, 0]","[152, 2, 4, 0]","[153, 2, 4, 0]",,
345,"[2, 8, 2, 2]","[4, 2, 7, 2]","[5, 2, 6, 2]","[19, 2, 5, 2]","[21, 2, 6, 0]","[23, 2, 2, 0]","[121, 2, 3, 0]","[124, 2, 9, 0]","[135, 2, 6, 0]","[147, 2, 7, 0]","[148, 2, 7, 0]","[149, 2, 5, 2]","[150, 2, 5, 2]","[152, 2, 4, 2]",,,
346,"[2, 8, 2, 2]","[4, 2, 7, 2]","[5, 2, 6, 2]","[19, 2, 5, 2]","[21, 2, 6, 0]","[23, 2, 2, 0]","[121, 2, 3, 0]","[124, 2, 9, 0]","[135, 2, 6, 0]","[147, 2, 7, 0]","[148, 2, 7, 0]","[149, 2, 5, 2]","[150, 2, 5, 2]",,,,
347,"[2, 8, 2, 4]","[4, 2, 7, 2]","[5, 2, 6, 2]","[19, 2, 5, 2]","[21, 2, 6, 0]","[23, 2, 2, 0]","[121, 2, 3, 0]","[124, 2, 9, 0]","[135, 2, 6, 0]","[147, 2, 7, 0]","[148, 2, 7, 0]","[149, 2, 5, 2]",,,,,
348,"[2, 8, 2, 6]","[4, 2, 7, 2]","[5, 2, 6, 2]","[19, 2, 5, 2]","[21, 2, 6, 0]","[23, 2, 2, 0]","[121, 2, 3, 0]","[124, 2, 9, 0]","[135, 2, 6, 0]","[147, 2, 7, 0]","[148, 2, 7, 0]",,,,,,
349,"[2, 8, 2, 8]","[4, 2, 7, 2]","[5, 2, 6, 2]","[19, 2, 5, 2]","[21, 2, 6, 0]","[23, 2, 2, 0]","[121, 2, 3, 0]","[124, 2, 9, 0]","[135, 2, 6, 0]","[147, 2, 7, 0]",,,,,,,
350,"[2, 8, 2, 8]","[4, 2, 7, 2]","[19, 2, 5, 2]","[21, 2, 6, 2]","[23, 2, 2, 0]","[121, 2, 3, 0]","[124, 2, 9, 0]","[135, 2, 6, 0]","[147, 2, 7, 0]",,,,,,,,
351,"[2, 8, 2, 8]","[4, 2, 7, 2]","[19, 2, 5, 2]","[21, 2, 6, 2]","[23, 2, 2, 2]","[121, 2, 3, 0]","[124, 2, 9, 0]","[135, 2, 6, 0]","[147, 2, 7, 0]","[154, 2, 4, 0]",,,,,,,
352,"[2, 8, 2, 6]","[4, 2, 7, 0]","[19, 2, 5, 1]","[21, 2, 6, 2]","[23, 2, 2, 2]","[121, 2, 3, 0]","[124, 2, 9, 0]","[135, 2, 6, 0]","[147, 2, 7, 0]","[154, 2, 4, 0]",,,,,,,
353,"[2, 8, 2, 6]","[4, 2, 7, 0]","[19, 2, 5, 0]","[21, 2, 6, 2]","[23, 2, 2, 2]","[121, 2, 3, 0]","[124, 2, 9, 0]","[135, 2, 6, 0]","[147, 2, 7, 0]","[154, 2, 4, 0]",,,,,,,
354,"[2, 8, 2, 6]","[4, 2, 7, 0]","[19, 2, 5, 0]","[21, 2, 6, 2]","[23, 2, 2, 2]","[121, 2, 3, 0]","[124, 2, 9, 0]","[135, 2, 6, 0]","[147, 2, 7, 0]","[154, 2, 4, 0]","[155, 2, 4, 0]",,,,,,
355,"[2, 8, 2, 4]","[4, 2, 7, 0]","[19, 2, 5, 0]","[21, 2, 6, 2]","[23, 2, 2, 2]","[121, 2, 3, 2]","[124, 2, 9, 2]","[147, 2, 7, 0]","[154, 2, 4, 0]","[155, 2, 4, 0]",,,,,,,
356,"[2, 8, 2, 2]","[4, 2, 7, 0]","[19, 2, 5, 0]","[21, 2, 6, 0]","[23, 2, 2, 2]","[121, 2, 3, 2]","[124, 2, 9, 2]","[147, 2, 7, 0]","[154, 2, 4, 0]","[155, 2, 4, 0]",,,,,,,
357,"[2, 8, 2, 0]","[4, 2, 7, 0]","[19, 2, 5, 0]","[21, 2, 6, 0]","[23, 2, 2, 2]","[121, 2, 3, 2]","[124, 2, 9, 2]","[147, 2, 7, 0]","[154, 2, 4, 0]","[155, 2, 4, 0]",,,,,,,
358,"[2, 8, 2, 0]","[4, 2, 7, 0]","[19, 2, 5, 0]","[21, 2, 6, 0]","[23, 2, 2, 2]","[121, 2, 3, 2]","[124, 2, 9, 2]","[147, 2, 7, 0]","[154, 2, 4, 0]","[155, 2, 4, 0]",,,,,,,
359,"[2, 8, 2, 0]","[4, 2, 7, 0]","[19, 2, 5, 0]","[21, 2, 6, 0]","[23, 2, 2, 2]","[121, 2, 3, 2]","[124, 2, 9, 2]","[147, 2, 7, 0]","[154, 2, 4, 0]","[155, 2, 4, 0]",,,,,,,
360,"[2, 8, 2, 0]","[4, 2, 7, 0]","[19, 2, 5, 0]","[21, 2, 6, 0]","[23, 2, 2, 2]","[121, 2, 3, 2]","[124, 2, 9, 2]","[147, 2, 7, 2]","[154, 2, 4, 0]",,,,,,,,
361,"[2, 8, 2, 0]","[4, 2, 7, 0]","[19, 2, 5, 0]","[21, 2, 6, 0]","[23, 2, 2, 2]","[121, 2, 3, 2]","[124, 2, 9, 2]","[147, 2, 7, 2]","[154, 2, 4, 0]",,,,,,,,
362,"[2, 8, 2, 0]","[4, 2, 7, 0]","[19, 2, 5, 0]","[21, 2, 6, 0]","[23, 2, 2, 0]","[121, 2, 3, 2]","[124, 2, 9, 2]","[147, 2, 7, 2]","[154, 2, 4, 0]","[156, 2, 4, 0]",,,,,,,
363,"[2, 8, 2, 0]","[4, 2, 7, 0]","[19, 2, 5, 0]","[21, 2, 6, 0]","[23, 2, 2, 0]","[121, 2, 3, 2]","[124, 2, 9, 2]","[147, 2, 7, 2]","[154, 2, 4, 0]","[156, 2, 4, 0]",,,,,,,
364,"[2, 8, 2, 0]","[4, 2, 7, 0]","[19, 2, 5, 0]","[21, 2, 6, 0]","[23, 2, 2, 0]","[121, 2, 3, 2]","[124, 2, 9, 2]","[147, 2, 7, 2]","[154, 2, 4, 0]","[156, 2, 4, 0]",,,,,,,
365,"[2, 8, 2, 0]","[4, 2, 7, 0]","[19, 2, 5, 0]","[21, 2, 6, 0]","[23, 2, 2, 0]","[121, 2, 3, 2]","[124, 2, 9, 2]","[147, 2, 7, 2]","[154, 2, 4, 0]","[156, 2, 4, 0]",,,,,,,
366,"[2, 8, 2, 0]","[4, 2, 7, 0]","[19, 2, 5, 0]","[21, 2, 6, 0]","[23, 2, 2, 0]","[121, 2, 3, 2]","[124, 2, 9, 2]","[147, 2, 7, 2]","[154, 2, 4, 0]","[156, 2, 4, 0]",,,,,,,
367,"[2, 8, 2, 2]","[4, 2, 7, 0]","[19, 2, 5, 0]","[21, 2, 6, 0]","[23, 2, 2, 0]","[121, 2, 3, 0]","[124, 2, 9, 0]","[147, 2, 7, 2]","[154, 2, 4, 2]","[156, 2, 4, 2]",,,,,,,
368,"[2, 8, 2, 2]","[4, 2, 7, 0]","[19, 2, 5, 0]","[21, 2, 6, 0]","[23, 2, 2, 0]","[121, 2, 3, 0]","[124, 2, 9, 0]","[147, 2, 7, 2]","[154, 2, 4, 2]","[156, 2, 4, 2]",,,,,,,
369,"[2, 8, 2, 2]","[4, 2, 7, 0]","[19, 2, 5, 0]","[21, 2, 6, 0]","[23, 2, 2, 0]","[121, 2, 3, 0]","[124, 2, 9, 0]","[147, 2, 7, 2]","[154, 2, 4, 2]","[156, 2, 4, 2]",,,,,,,
370,"[2, 8, 2, 2]","[4, 2, 7, 0]","[19, 2, 5, 0]","[21, 2, 6, 0]","[23, 2, 2, 0]","[121, 2, 3, 0]","[124, 2, 9, 0]","[147, 2, 7, 2]","[154, 2, 4, 2]","[156, 2, 4, 2]",,,,,,,
371,"[2, 8, 2, 2]","[4, 2, 7, 0]","[19, 2, 5, 0]","[21, 2, 6, 0]","[23, 2, 2, 0]","[121, 2, 3, 0]","[124, 2, 9, 0]","[147, 2, 7, 2]","[154, 2, 4, 2]","[156, 2, 4, 2]",,,,,,,
372,"[2, 8, 2, 2]","[4, 2, 7, 0]","[19, 2, 5, 0]","[21, 2, 6, 0]","[23, 2, 2, 0]","[121, 2, 3, 0]","[124, 2, 9, 0]","[147, 2, 7, 2]","[154, 2, 4, 2]","[156, 2, 4, 2]",,,,,,,
373,"[2, 8, 2, 2]","[4, 2, 7, 0]","[19, 2, 5, 0]","[21, 2, 6, 0]","[23, 2, 2, 0]","[121, 2, 3, 0]","[124, 2, 9, 0]","[147, 2, 7, 2]","[154, 2, 4, 2]","[156, 2, 4, 2]",,,,,,,
374,"[2, 8, 2, 0]","[4, 2, 7, 0]","[19, 2, 5, 0]","[21, 2, 6, 0]","[23, 2, 2, 0]","[121, 2, 3, 0]","[124, 2, 9, 0]","[147, 2, 7, 2]","[154, 2, 4, 0]","[156, 2, 4, 0]","[157, 2, 1, 0]",,,,,,
375,"[2, 8, 2, 4]","[4, 2, 7, 0]","[19, 2, 5, 0]","[21, 2, 6, 0]","[23, 2, 2, 0]","[121, 2, 3, 0]","[124, 2, 9, 0]","[147, 2, 7, 2]","[154, 2, 4, 0]","[156, 2, 4, 0]",,,,,,,
376,"[2, 8, 2, 4]","[4, 2, 7, 0]","[19, 2, 5, 0]","[21, 2, 6, 0]","[23, 2, 2, 0]","[121, 2, 3, 0]","[124, 2, 9, 0]","[147, 2, 7, 2]","[154, 2, 4, 0]","[156, 2, 4, 0]",,,,,,,
377,"[2, 8, 2, 4]","[4, 2, 7, 0]","[19, 2, 5, 0]","[21, 2, 6, 0]","[23, 2, 2, 0]","[121, 2, 3, 0]","[124, 2, 9, 0]","[147, 2, 7, 2]","[154, 2, 4, 0]","[156, 2, 4, 0]",,,,,,,
378,"[2, 8, 2, 4]","[4, 2, 7, 0]","[19, 2, 5, 0]","[21, 2, 6, 0]","[23, 2, 2, 0]","[121, 2, 3, 0]","[124, 2, 9, 0]","[147, 2, 7, 2]","[154, 2, 4, 0]","[156, 2, 4, 0]",,,,,,,
379,"[2, 8, 2, 8]","[4, 2, 7, 2]","[19, 2, 5, 0]","[21, 2, 6, 0]","[23, 2, 2, 0]","[121, 2, 3, 0]","[147, 2, 7, 2]","[154, 2, 4, 0]","[156, 2, 4, 0]",,,,,,,,
380,"[2, 8, 2, 8]","[4, 2, 7, 2]","[19, 2, 5, 0]","[21, 2, 6, 0]","[23, 2, 2, 0]","[121, 2, 3, 0]","[147, 2, 7, 2]","[154, 2, 4, 0]","[156, 2, 4, 0]",,,,,,,,
381,"[2, 8, 2, 4]","[4, 2, 7, 0]","[19, 2, 5, 0]","[21, 2, 6, 0]","[23, 2, 2, 0]","[121, 2, 3, 0]","[147, 2, 7, 2]","[154, 2, 4, 0]","[156, 2, 4, 0]","[158, 2, 5, 0]",,,,,,,
382,"[2, 8, 2, 4]","[4, 2, 7, 0]","[19, 2, 5, 0]","[21, 2, 6, 0]","[23, 2, 2, 0]","[121, 2, 3, 0]","[147, 2, 7, 2]","[154, 2, 4, 0]","[156, 2, 4, 0]","[158, 2, 5, 0]","[159, 2, 1, 0]",,,,,,
383,"[2, 8, 2, 4]","[4, 2, 7, 0]","[19, 2, 5, 0]","[21, 2, 6, 0]","[23, 2, 2, 0]","[121, 2, 3, 0]","[147, 2, 7, 2]","[154, 2, 4, 0]","[156, 2, 4, 0]","[158, 2, 5, 0]","[159, 2, 1, 0]","[160, 2, 1, 0]",,,,,
384,"[2, 8, 2, 4]","[4, 2, 7, 0]","[19, 2, 5, 0]","[21, 2, 6, 0]","[23, 2, 2, 0]","[121, 2, 3, 0]","[147, 2, 7, 2]","[154, 2, 4, 0]","[156, 2, 4, 0]","[159, 2, 1, 0]","[160, 2, 1, 0]",,,,,,
385,"[2, 8, 2, 4]","[4, 2, 7, 2]","[19, 2, 5, 2]","[23, 2, 2, 2]","[121, 2, 3, 0]","[147, 2, 7, 2]","[154, 2, 4, 0]","[156, 2, 4, 0]","[159, 2, 1, 0]","[160, 2, 1, 0]",,,,,,,
386,"[2, 8, 2, 4]","[4, 2, 7, 2]","[19, 2, 5, 2]","[23, 2, 2, 2]","[121, 2, 3, 2]","[147, 2, 7, 2]","[154, 2, 4, 0]","[156, 2, 4, 0]","[159, 2, 1, 0]","[160, 2, 1, 0]",,,,,,,
387,"[2, 8, 2, 4]","[4, 2, 7, 2]","[19, 2, 5, 2]","[23, 2, 2, 2]","[121, 2, 3, 2]","[147, 2, 7, 2]","[154, 2, 4, 0]","[156, 2, 4, 0]","[159, 2, 1, 0]","[160, 2, 1, 0]",,,,,,,
388,"[2, 8, 2, 4]","[4, 2, 7, 0]","[19, 2, 5, 0]","[23, 2, 2, 1]","[121, 2, 3, 2]","[147, 2, 7, 2]","[154, 2, 4, 0]","[156, 2, 4, 0]","[159, 2, 1, 0]","[160, 2, 1, 0]",,,,,,,
389,"[2, 8, 2, 4]","[4, 2, 7, 0]","[19, 2, 5, 0]","[23, 2, 2, 0]","[121, 2, 3, 0]","[147, 2, 7, 2]","[154, 2, 4, 2]","[156, 2, 4, 2]","[159, 2, 1, 0]","[160, 2, 1, 0]","[161, 2, 6, 0]",,,,,,
390,"[2, 8, 2, 4]","[4, 2, 7, 0]","[19, 2, 5, 0]","[23, 2, 2, 0]","[121, 2, 3, 0]","[147, 2, 7, 2]","[154, 2, 4, 2]","[156, 2, 4, 2]","[159, 2, 1, 0]","[160, 2, 1, 0]",,,,,,,
391,"[2, 8, 2, 4]","[4, 2, 7, 0]","[19, 2, 5, 0]","[23, 2, 2, 0]","[121, 2, 3, 0]","[147, 2, 7, 2]","[154, 2, 4, 2]","[156, 2, 4, 2]","[159, 2, 1, 0]","[160, 2, 1, 0]","[162, 2, 1, 0]",,,,,,
392,"[2, 8, 2, 4]","[4, 2, 7, 0]","[19, 2, 5, 0]","[23, 2, 2, 0]","[121, 2, 3, 0]","[147, 2, 7, 2]","[154, 2, 4, 2]","[156, 2, 4, 2]","[159, 2, 1, 0]","[160, 2, 1, 0]",,,,,,,
393,"[2, 8, 2, 4]","[4, 2, 7, 0]","[19, 2, 5, 0]","[23, 2, 2, 0]","[121, 2, 3, 0]","[147, 2, 7, 2]","[154, 2, 4, 2]","[156, 2, 4, 2]","[159, 2, 1, 0]","[160, 2, 1, 0]",,,,,,,
394,"[2, 8, 2, 4]","[4, 2, 7, 0]","[19, 2, 5, 0]","[23, 2, 2, 0]","[121, 2, 3, 0]","[147, 2, 7, 2]","[154, 2, 4, 2]","[156, 2, 4, 2]","[159, 2, 1, 0]","[160, 2, 1, 0]",,,,,,,
395,"[2, 8, 2, 4]","[4, 2, 7, 0]","[19, 2, 5, 0]","[23, 2, 2, 0]","[121, 2, 3, 0]","[147, 2, 7, 2]","[154, 2, 4, 2]","[156, 2, 4, 2]","[159, 2, 1, 0]","[160, 2, 1, 0]",,,,,,,
396,"[2, 8, 2, 4]","[4, 2, 7, 0]","[19, 2, 5, 0]","[23, 2, 2, 0]","[121, 2, 3, 0]","[147, 2, 7, 2]","[154, 2, 4, 2]","[156, 2, 4, 2]","[159, 2, 1, 0]","[160, 2, 1, 0]",,,,,,,
397,"[2, 8, 2, 0]","[4, 2, 7, 0]","[19, 2, 5, 0]","[23, 2, 2, 0]","[121, 2, 3, 0]","[147, 2, 7, 2]","[154, 2, 4, 2]","[156, 2, 4, 2]","[159, 2, 1, 0]","[160, 2, 1, 0]",,,,,,,
398,"[2, 8, 2, 0]","[4, 2, 7, 0]","[19, 2, 5, 0]","[23, 2, 2, 0]","[121, 2, 3, 0]","[147, 2, 7, 2]","[154, 2, 4, 2]","[156, 2, 4, 2]","[159, 2, 1, 0]","[160, 2, 1, 0]","[163, 2, 1, 0]",,,,,,
399,"[2, 8, 2, 0]","[4, 2, 7, 0]","[19, 2, 5, 0]","[23, 2, 2, 0]","[121, 2, 3, 0]","[147, 2, 7, 2]","[154, 2, 4, 0]","[156, 2, 4, 0]","[159, 2, 1, 2]","[163, 2, 1, 0]",,,,,,,
400,"[2, 8, 2, 0]","[4, 2, 7, 0]","[19, 2, 5, 0]","[23, 2, 2, 0]","[121, 2, 3, 0]","[147, 2, 7, 2]","[154, 2, 4, 0]","[156, 2, 4, 0]","[159, 2, 1, 2]","[163, 2, 1, 0]","[164, 2, 0, 0]",,,,,,
401,"[2, 8, 2, 0]","[4, 2, 7, 0]","[19, 2, 5, 0]","[23, 2, 2, 0]","[121, 2, 3, 0]","[147, 2, 7, 2]","[154, 2, 4, 0]","[156, 2, 4, 0]","[159, 2, 1, 2]","[163, 2, 1, 0]",,,,,,,
402,"[2, 8, 2, 6]","[4, 2, 7, 0]","[19, 2, 5, 0]","[23, 2, 2, 0]","[121, 2, 3, 0]","[147, 2, 7, 2]","[154, 2, 4, 0]","[156, 2, 4, 0]","[159, 2, 1, 2]","[163, 2, 1, 2]",,,,,,,
403,"[2, 8, 2, 6]","[4, 2, 7, 0]","[19, 2, 5, 0]","[23, 2, 2, 0]","[121, 2, 3, 0]","[147, 2, 7, 2]","[154, 2, 4, 0]","[156, 2, 4, 0]","[159, 2, 1, 2]","[163, 2, 1, 2]",,,,,,,
