,0,1,2,3,4,5,6,7,8,9,10,11,12,13,14,15
0,,,,,,,,,,,,,,,,
1,"[0, 2, 0, 0]","[1, 4, 1, 0]","[2, 8, 2, 0]","[3, 2, 9, 0]",,,,,,,,,,,,
2,"[0, 2, 0, 0]","[2, 8, 2, 0]","[3, 2, 9, 0]",,,,,,,,,,,,,
3,"[2, 8, 2, 0]","[3, 2, 9, 0]",,,,,,,,,,,,,,
4,"[3, 2, 9, 0]",,,,,,,,,,,,,,,
5,"[3, 2, 9, 0]","[4, 2, 9, 0]",,,,,,,,,,,,,,
6,"[3, 2, 9, 0]","[4, 2, 9, 0]","[5, 2, 8, 0]",,,,,,,,,,,,,
7,"[3, 2, 9, 0]","[4, 2, 9, 0]","[5, 2, 8, 0]","[6, 2, 3, 0]",,,,,,,,,,,,
8,"[4, 2, 9, 0]","[5, 2, 8, 0]","[6, 2, 3, 0]",,,,,,,,,,,,,
9,"[4, 2, 9, 0]","[5, 2, 8, 0]","[6, 2, 3, 0]","[7, 2, 3, 0]",,,,,,,,,,,,
10,"[4, 2, 9, 2]","[5, 2, 8, 2]","[6, 2, 3, 0]","[7, 2, 3, 0]","[8, 2, 7, 0]",,,,,,,,,,,
11,"[4, 2, 9, 2]","[5, 2, 8, 2]","[6, 2, 3, 0]","[7, 2, 3, 0]","[8, 2, 7, 0]","[9, 2, 6, 0]",,,,,,,,,,
12,"[4, 2, 9, 2]","[5, 2, 8, 2]","[6, 2, 3, 0]","[7, 2, 3, 0]","[8, 2, 7, 0]","[9, 2, 6, 0]","[10, 2, 6, 0]",,,,,,,,,
13,"[4, 2, 9, 2]","[5, 2, 8, 2]","[6, 2, 3, 0]","[7, 2, 3, 0]","[8, 2, 7, 0]","[9, 2, 6, 0]","[10, 2, 6, 0]","[11, 2, 0, 0]",,,,,,,,
14,"[4, 2, 9, 2]","[5, 2, 8, 2]","[6, 2, 3, 0]","[7, 2, 3, 0]","[8, 2, 7, 0]","[9, 2, 6, 0]","[10, 2, 6, 0]",,,,,,,,,
15,"[4, 2, 9, 2]","[5, 2, 8, 2]","[6, 2, 3, 2]","[7, 2, 3, 2]","[8, 2, 7, 2]","[9, 2, 6, 0]","[10, 2, 6, 0]","[12, 4, 8, 0]",,,,,,,,
16,"[4, 2, 9, 2]","[5, 2, 8, 2]","[6, 2, 3, 2]","[7, 2, 3, 2]","[8, 2, 7, 2]","[9, 2, 6, 0]","[10, 2, 6, 0]","[12, 4, 8, 0]","[13, 2, 8, 0]",,,,,,,
17,"[4, 2, 9, 2]","[5, 2, 8, 2]","[6, 2, 3, 2]","[7, 2, 3, 2]","[8, 2, 7, 2]","[9, 2, 6, 0]","[10, 2, 6, 0]","[12, 4, 8, 0]","[13, 2, 8, 0]","[14, 2, 8, 0]",,,,,,
18,"[4, 2, 9, 2]","[5, 2, 8, 2]","[6, 2, 3, 2]","[7, 2, 3, 2]","[8, 2, 7, 2]","[9, 2, 6, 0]","[10, 2, 6, 0]","[12, 4, 8, 0]","[13, 2, 8, 0]","[14, 2, 8, 0]","[15, 2, 1, 0]",,,,,
19,"[4, 2, 9, 2]","[5, 2, 8, 2]","[6, 2, 3, 0]","[7, 2, 3, 0]","[8, 2, 7, 0]","[9, 2, 6, 0]","[10, 2, 6, 0]","[13, 2, 8, 0]","[14, 2, 8, 0]","[15, 2, 1, 0]",,,,,,
20,"[4, 2, 9, 2]","[5, 2, 8, 2]","[6, 2, 3, 0]","[7, 2, 3, 0]","[8, 2, 7, 0]","[9, 2, 6, 0]","[10, 2, 6, 0]","[13, 2, 8, 0]","[14, 2, 8, 0]",,,,,,,
21,"[4, 2, 9, 2]","[5, 2, 8, 2]","[6, 2, 3, 0]","[7, 2, 3, 0]","[8, 2, 7, 2]","[9, 2, 6, 2]","[10, 2, 6, 0]","[13, 2, 8, 0]","[14, 2, 8, 0]","[16, 2, 9, 0]",,,,,,
22,"[4, 2, 9, 2]","[5, 2, 8, 2]","[7, 2, 3, 0]","[8, 2, 7, 0]","[9, 2, 6, 0]","[10, 2, 6, 0]","[13, 2, 8, 0]","[14, 2, 8, 0]","[16, 2, 9, 0]",,,,,,,
23,"[4, 2, 9, 2]","[5, 2, 8, 2]","[7, 2, 3, 0]","[8, 2, 7, 0]","[9, 2, 6, 0]","[10, 2, 6, 0]","[13, 2, 8, 0]","[14, 2, 8, 0]",,,,,,,,
24,"[4, 2, 9, 2]","[5, 2, 8, 2]","[7, 2, 3, 0]","[8, 2, 7, 0]","[9, 2, 6, 0]","[10, 2, 6, 0]","[13, 2, 8, 0]",,,,,,,,,
25,"[4, 2, 9, 2]","[5, 2, 8, 2]","[7, 2, 3, 0]","[8, 2, 7, 0]","[9, 2, 6, 0]","[10, 2, 6, 0]","[13, 2, 8, 0]","[17, 2, 1, 0]",,,,,,,,
26,"[4, 2, 9, 2]","[5, 2, 8, 2]","[7, 2, 3, 0]","[8, 2, 7, 0]","[9, 2, 6, 0]","[10, 2, 6, 2]","[13, 2, 8, 2]","[17, 2, 1, 0]","[18, 2, 9, 0]",,,,,,,
27,"[4, 2, 9, 0]","[5, 2, 8, 0]","[7, 2, 3, 0]","[8, 2, 7, 0]","[9, 2, 6, 0]","[10, 2, 6, 0]","[13, 2, 8, 0]","[17, 2, 1, 0]","[18, 2, 9, 0]","[19, 2, 5, 0]",,,,,,
28,"[4, 2, 9, 0]","[5, 2, 8, 0]","[7, 2, 3, 0]","[9, 2, 6, 0]","[10, 2, 6, 0]","[13, 2, 8, 0]","[17, 2, 1, 0]","[18, 2, 9, 0]","[19, 2, 5, 0]",,,,,,,
29,"[4, 2, 9, 0]","[5, 2, 8, 0]","[9, 2, 6, 0]","[10, 2, 6, 0]","[13, 2, 8, 0]","[17, 2, 1, 0]","[18, 2, 9, 0]","[19, 2, 5, 0]",,,,,,,,
30,"[4, 2, 9, 0]","[9, 2, 6, 0]","[10, 2, 6, 0]","[13, 2, 8, 0]","[17, 2, 1, 0]","[18, 2, 9, 0]","[19, 2, 5, 0]",,,,,,,,,
31,"[4, 2, 9, 0]","[9, 2, 6, 0]","[10, 2, 6, 1]","[13, 2, 8, 0]","[17, 2, 1, 0]","[18, 2, 9, 0]","[19, 2, 5, 0]","[20, 2, 9, 0]",,,,,,,,
32,"[4, 2, 9, 0]","[9, 2, 6, 0]","[10, 2, 6, 0]","[17, 2, 1, 0]","[18, 2, 9, 0]","[19, 2, 5, 0]","[20, 2, 9, 0]",,,,,,,,,
33,"[4, 2, 9, 0]","[9, 2, 6, 0]","[17, 2, 1, 0]","[18, 2, 9, 0]","[19, 2, 5, 0]","[20, 2, 9, 0]",,,,,,,,,,
34,"[4, 2, 9, 0]","[17, 2, 1, 0]","[18, 2, 9, 0]","[19, 2, 5, 0]","[20, 2, 9, 0]",,,,,,,,,,,
35,"[4, 2, 9, 0]","[18, 2, 9, 0]","[19, 2, 5, 0]","[20, 2, 9, 0]",,,,,,,,,,,,
36,"[18, 2, 9, 0]","[19, 2, 5, 0]","[20, 2, 9, 0]",,,,,,,,,,,,,
37,"[18, 2, 9, 0]","[19, 2, 5, 0]","[20, 2, 9, 0]","[21, 2, 2, 0]",,,,,,,,,,,,
38,"[18, 2, 9, 0]","[19, 2, 5, 0]","[20, 2, 9, 0]","[21, 2, 2, 0]","[22, 2, 0, 0]",,,,,,,,,,,
39,"[18, 2, 9, 2]","[19, 2, 5, 2]","[20, 2, 9, 2]","[21, 2, 2, 2]","[22, 2, 0, 0]","[23, 2, 9, 0]",,,,,,,,,,
40,"[18, 2, 9, 2]","[19, 2, 5, 2]","[20, 2, 9, 2]","[21, 2, 2, 2]","[22, 2, 0, 0]","[23, 2, 9, 0]","[24, 2, 4, 0]",,,,,,,,,
41,"[18, 2, 9, 2]","[19, 2, 5, 2]","[20, 2, 9, 2]","[21, 2, 2, 2]","[22, 2, 0, 0]","[23, 2, 9, 0]","[24, 2, 4, 0]","[25, 2, 8, 0]",,,,,,,,
42,"[18, 2, 9, 2]","[19, 2, 5, 2]","[20, 2, 9, 2]","[21, 2, 2, 2]","[22, 2, 0, 0]","[23, 2, 9, 0]","[24, 2, 4, 0]","[25, 2, 8, 0]","[26, 2, 8, 0]",,,,,,,
43,"[18, 2, 9, 2]","[19, 2, 5, 2]","[20, 2, 9, 2]","[21, 2, 2, 2]","[22, 2, 0, 2]","[23, 2, 9, 2]","[24, 2, 4, 2]","[25, 2, 8, 0]","[26, 2, 8, 0]","[27, 2, 9, 0]",,,,,,
44,"[18, 2, 9, 2]","[19, 2, 5, 2]","[20, 2, 9, 2]","[21, 2, 2, 2]","[22, 2, 0, 2]","[23, 2, 9, 2]","[24, 2, 4, 2]","[25, 2, 8, 0]","[26, 2, 8, 0]","[27, 2, 9, 0]","[28, 2, 6, 0]",,,,,
45,"[18, 2, 9, 2]","[19, 2, 5, 2]","[20, 2, 9, 2]","[21, 2, 2, 2]","[22, 2, 0, 2]","[23, 2, 9, 2]","[24, 2, 4, 2]","[25, 2, 8, 0]","[26, 2, 8, 0]","[27, 2, 9, 0]","[28, 2, 6, 0]","[29, 2, 8, 0]",,,,
46,"[18, 2, 9, 2]","[19, 2, 5, 2]","[20, 2, 9, 2]","[21, 2, 2, 2]","[22, 2, 0, 2]","[23, 2, 9, 2]","[24, 2, 4, 2]","[25, 2, 8, 0]","[26, 2, 8, 0]","[27, 2, 9, 0]","[28, 2, 6, 0]","[29, 2, 8, 0]","[30, 2, 4, 0]",,,
47,"[18, 2, 9, 2]","[19, 2, 5, 2]","[20, 2, 9, 2]","[21, 2, 2, 2]","[22, 2, 0, 2]","[23, 2, 9, 2]","[25, 2, 8, 0]","[26, 2, 8, 0]","[27, 2, 9, 0]","[28, 2, 6, 0]","[29, 2, 8, 0]","[30, 2, 4, 0]",,,,
48,"[18, 2, 9, 2]","[19, 2, 5, 2]","[20, 2, 9, 2]","[21, 2, 2, 2]","[22, 2, 0, 2]","[23, 2, 9, 2]","[25, 2, 8, 2]","[26, 2, 8, 2]","[27, 2, 9, 2]","[28, 2, 6, 2]","[29, 2, 8, 2]","[30, 2, 4, 0]","[31, 2, 8, 0]",,,
49,"[18, 2, 9, 2]","[19, 2, 5, 2]","[20, 2, 9, 2]","[21, 2, 2, 2]","[22, 2, 0, 2]","[23, 2, 9, 2]","[25, 2, 8, 2]","[26, 2, 8, 2]","[27, 2, 9, 2]","[28, 2, 6, 2]","[29, 2, 8, 2]","[30, 2, 4, 0]","[31, 2, 8, 0]","[32, 2, 3, 0]",,
50,"[18, 2, 9, 0]","[19, 2, 5, 0]","[20, 2, 9, 0]","[21, 2, 2, 0]","[22, 2, 0, 2]","[23, 2, 9, 2]","[25, 2, 8, 2]","[26, 2, 8, 2]","[27, 2, 9, 2]","[28, 2, 6, 2]","[29, 2, 8, 2]","[30, 2, 4, 0]","[31, 2, 8, 0]","[32, 2, 3, 0]","[33, 2, 6, 0]",
51,"[18, 2, 9, 0]","[19, 2, 5, 0]","[20, 2, 9, 0]","[21, 2, 2, 0]","[22, 2, 0, 2]","[23, 2, 9, 2]","[25, 2, 8, 2]","[26, 2, 8, 2]","[27, 2, 9, 2]","[28, 2, 6, 2]","[29, 2, 8, 2]","[30, 2, 4, 0]","[31, 2, 8, 0]","[32, 2, 3, 0]",,
52,"[18, 2, 9, 0]","[19, 2, 5, 0]","[20, 2, 9, 0]","[21, 2, 2, 0]","[22, 2, 0, 2]","[23, 2, 9, 2]","[25, 2, 8, 2]","[26, 2, 8, 2]","[27, 2, 9, 2]","[28, 2, 6, 2]","[29, 2, 8, 2]","[30, 2, 4, 2]","[31, 2, 8, 0]",,,
53,"[18, 2, 9, 0]","[19, 2, 5, 0]","[20, 2, 9, 0]","[21, 2, 2, 0]","[22, 2, 0, 2]","[23, 2, 9, 2]","[25, 2, 8, 2]","[26, 2, 8, 2]","[27, 2, 9, 2]","[28, 2, 6, 2]","[29, 2, 8, 2]","[30, 2, 4, 2]","[31, 2, 8, 0]","[34, 2, 2, 0]",,
54,"[18, 2, 9, 0]","[19, 2, 5, 0]","[20, 2, 9, 0]","[21, 2, 2, 0]","[22, 2, 0, 2]","[23, 2, 9, 2]","[25, 2, 8, 2]","[26, 2, 8, 2]","[27, 2, 9, 2]","[29, 2, 8, 2]","[30, 2, 4, 2]","[31, 2, 8, 0]","[34, 2, 2, 0]",,,
55,"[18, 2, 9, 2]","[19, 2, 5, 2]","[20, 2, 9, 2]","[21, 2, 2, 0]","[22, 2, 0, 0]","[23, 2, 9, 0]","[25, 2, 8, 2]","[26, 2, 8, 2]","[27, 2, 9, 2]","[29, 2, 8, 2]","[30, 2, 4, 2]","[31, 2, 8, 2]","[34, 2, 2, 2]","[35, 2, 0, 0]",,
56,"[18, 2, 9, 2]","[19, 2, 5, 2]","[20, 2, 9, 2]","[21, 2, 2, 0]","[22, 2, 0, 0]","[23, 2, 9, 0]","[25, 2, 8, 2]","[26, 2, 8, 2]","[27, 2, 9, 2]","[29, 2, 8, 2]","[30, 2, 4, 2]","[31, 2, 8, 2]","[34, 2, 2, 2]","[35, 2, 0, 0]","[36, 2, 3, 0]",
57,"[18, 2, 9, 2]","[19, 2, 5, 2]","[20, 2, 9, 2]","[21, 2, 2, 0]","[22, 2, 0, 0]","[23, 2, 9, 0]","[25, 2, 8, 2]","[27, 2, 9, 2]","[29, 2, 8, 2]","[30, 2, 4, 2]","[31, 2, 8, 2]","[34, 2, 2, 2]","[35, 2, 0, 0]","[36, 2, 3, 0]",,
58,"[18, 2, 9, 2]","[19, 2, 5, 2]","[20, 2, 9, 2]","[21, 2, 2, 2]","[22, 2, 0, 2]","[23, 2, 9, 2]","[25, 2, 8, 2]","[27, 2, 9, 2]","[29, 2, 8, 2]","[30, 2, 4, 2]","[31, 2, 8, 2]","[34, 2, 2, 2]","[35, 2, 0, 2]",,,
59,"[18, 2, 9, 2]","[19, 2, 5, 2]","[20, 2, 9, 2]","[21, 2, 2, 2]","[22, 2, 0, 2]","[23, 2, 9, 2]","[25, 2, 8, 2]","[27, 2, 9, 0]","[29, 2, 8, 1]","[30, 2, 4, 2]","[31, 2, 8, 2]","[34, 2, 2, 2]","[35, 2, 0, 2]","[37, 2, 4, 0]",,
60,"[18, 2, 9, 2]","[19, 2, 5, 2]","[20, 2, 9, 2]","[21, 2, 2, 2]","[22, 2, 0, 2]","[23, 2, 9, 2]","[25, 2, 8, 2]","[27, 2, 9, 0]","[29, 2, 8, 0]","[30, 2, 4, 2]","[31, 2, 8, 2]","[34, 2, 2, 2]","[35, 2, 0, 2]","[37, 2, 4, 0]","[38, 2, 5, 0]",
61,"[18, 2, 9, 2]","[19, 2, 5, 2]","[20, 2, 9, 2]","[21, 2, 2, 2]","[22, 2, 0, 2]","[23, 2, 9, 2]","[25, 2, 8, 0]","[27, 2, 9, 0]","[29, 2, 8, 0]","[30, 2, 4, 2]","[31, 2, 8, 2]","[34, 2, 2, 2]","[35, 2, 0, 2]","[37, 2, 4, 0]","[38, 2, 5, 0]","[39, 2, 1, 0]"
62,"[18, 2, 9, 0]","[19, 2, 5, 0]","[20, 2, 9, 0]","[21, 2, 2, 2]","[22, 2, 0, 2]","[23, 2, 9, 2]","[25, 2, 8, 0]","[27, 2, 9, 0]","[29, 2, 8, 0]","[30, 2, 4, 2]","[31, 2, 8, 2]","[34, 2, 2, 0]","[35, 2, 0, 2]","[37, 2, 4, 0]","[38, 2, 5, 0]",
63,"[18, 2, 9, 0]","[19, 2, 5, 0]","[20, 2, 9, 0]","[21, 2, 2, 2]","[22, 2, 0, 0]","[23, 2, 9, 0]","[25, 2, 8, 0]","[27, 2, 9, 0]","[29, 2, 8, 0]","[30, 2, 4, 2]","[31, 2, 8, 2]","[34, 2, 2, 0]","[35, 2, 0, 1]","[37, 2, 4, 0]",,
64,"[18, 2, 9, 0]","[19, 2, 5, 0]","[20, 2, 9, 0]","[21, 2, 2, 2]","[22, 2, 0, 0]","[23, 2, 9, 0]","[25, 2, 8, 0]","[27, 2, 9, 0]","[29, 2, 8, 0]","[30, 2, 4, 2]","[31, 2, 8, 2]","[34, 2, 2, 0]","[35, 2, 0, 0]",,,
65,"[18, 2, 9, 2]","[19, 2, 5, 2]","[20, 2, 9, 2]","[21, 2, 2, 2]","[22, 2, 0, 1]","[23, 2, 9, 0]","[27, 2, 9, 0]","[29, 2, 8, 0]","[30, 2, 4, 2]","[31, 2, 8, 2]","[34, 2, 2, 0]","[35, 2, 0, 1]",,,,
66,"[18, 2, 9, 2]","[19, 2, 5, 2]","[20, 2, 9, 2]","[21, 2, 2, 2]","[22, 2, 0, 1]","[23, 2, 9, 0]","[27, 2, 9, 0]","[29, 2, 8, 0]","[30, 2, 4, 2]","[31, 2, 8, 2]","[34, 2, 2, 0]","[35, 2, 0, 1]","[40, 2, 3, 0]",,,
67,"[18, 2, 9, 2]","[19, 2, 5, 2]","[20, 2, 9, 2]","[21, 2, 2, 2]","[22, 2, 0, 1]","[23, 2, 9, 0]","[27, 2, 9, 0]","[30, 2, 4, 2]","[31, 2, 8, 0]","[34, 2, 2, 0]","[35, 2, 0, 1]","[40, 2, 3, 0]",,,,
68,"[18, 2, 9, 2]","[19, 2, 5, 2]","[20, 2, 9, 2]","[21, 2, 2, 2]","[22, 2, 0, 2]","[23, 2, 9, 2]","[27, 2, 9, 2]","[30, 2, 4, 2]","[31, 2, 8, 0]","[34, 2, 2, 2]","[40, 2, 3, 0]",,,,,
69,"[18, 2, 9, 2]","[19, 2, 5, 2]","[20, 2, 9, 2]","[21, 2, 2, 2]","[22, 2, 0, 2]","[23, 2, 9, 2]","[27, 2, 9, 2]","[30, 2, 4, 2]","[31, 2, 8, 0]","[34, 2, 2, 2]","[40, 2, 3, 2]","[41, 2, 3, 0]",,,,
70,"[18, 2, 9, 2]","[19, 2, 5, 2]","[20, 2, 9, 2]","[21, 2, 2, 0]","[22, 2, 0, 2]","[23, 2, 9, 2]","[27, 2, 9, 2]","[30, 2, 4, 2]","[31, 2, 8, 0]","[34, 2, 2, 2]","[40, 2, 3, 2]","[41, 2, 3, 0]","[42, 2, 3, 0]",,,
71,"[18, 2, 9, 2]","[19, 2, 5, 2]","[20, 2, 9, 2]","[21, 2, 2, 0]","[22, 2, 0, 2]","[23, 2, 9, 2]","[27, 2, 9, 2]","[30, 2, 4, 2]","[31, 2, 8, 2]","[34, 2, 2, 2]","[40, 2, 3, 2]","[42, 2, 3, 2]",,,,
72,"[18, 2, 9, 2]","[19, 2, 5, 2]","[20, 2, 9, 2]","[21, 2, 2, 2]","[22, 2, 0, 2]","[23, 2, 9, 2]","[27, 2, 9, 2]","[30, 2, 4, 2]","[31, 2, 8, 2]","[34, 2, 2, 2]","[40, 2, 3, 2]","[42, 2, 3, 2]","[43, 2, 1, 0]",,,
73,"[18, 2, 9, 2]","[19, 2, 5, 2]","[20, 2, 9, 2]","[21, 2, 2, 2]","[22, 2, 0, 1]","[23, 2, 9, 0]","[27, 2, 9, 0]","[30, 2, 4, 2]","[31, 2, 8, 2]","[34, 2, 2, 0]","[40, 2, 3, 2]","[42, 2, 3, 2]","[43, 2, 1, 0]","[44, 2, 3, 0]",,
74,"[18, 2, 9, 2]","[19, 2, 5, 2]","[20, 2, 9, 2]","[21, 2, 2, 2]","[22, 2, 0, 1]","[23, 2, 9, 0]","[27, 2, 9, 0]","[31, 2, 8, 2]","[34, 2, 2, 0]","[40, 2, 3, 1]","[42, 2, 3, 2]","[43, 2, 1, 0]","[44, 2, 3, 0]",,,
75,"[18, 2, 9, 2]","[19, 2, 5, 2]","[20, 2, 9, 2]","[21, 2, 2, 2]","[22, 2, 0, 2]","[23, 2, 9, 2]","[27, 2, 9, 2]","[31, 2, 8, 2]","[34, 2, 2, 1]","[40, 2, 3, 1]","[42, 2, 3, 2]","[43, 2, 1, 0]",,,,
76,"[18, 2, 9, 2]","[19, 2, 5, 2]","[20, 2, 9, 2]","[21, 2, 2, 2]","[22, 2, 0, 2]","[23, 2, 9, 2]","[27, 2, 9, 2]","[31, 2, 8, 2]","[34, 2, 2, 1]","[40, 2, 3, 1]","[42, 2, 3, 2]","[43, 2, 1, 0]","[45, 2, 4, 0]",,,
77,"[18, 2, 9, 2]","[19, 2, 5, 2]","[20, 2, 9, 2]","[21, 2, 2, 2]","[22, 2, 0, 2]","[23, 2, 9, 2]","[27, 2, 9, 2]","[31, 2, 8, 2]","[34, 2, 2, 1]","[40, 2, 3, 1]","[42, 2, 3, 2]","[43, 2, 1, 0]","[45, 2, 4, 0]","[46, 2, 6, 0]",,
78,"[18, 2, 9, 2]","[19, 2, 5, 2]","[20, 2, 9, 2]","[21, 2, 2, 2]","[22, 2, 0, 2]","[23, 2, 9, 2]","[27, 2, 9, 2]","[31, 2, 8, 2]","[34, 2, 2, 1]","[40, 2, 3, 1]","[42, 2, 3, 2]","[43, 2, 1, 0]","[45, 2, 4, 0]","[46, 2, 6, 0]","[47, 2, 3, 0]",
79,"[18, 2, 9, 0]","[19, 2, 5, 0]","[20, 2, 9, 0]","[21, 2, 2, 2]","[22, 2, 0, 2]","[27, 2, 9, 2]","[31, 2, 8, 2]","[34, 2, 2, 1]","[40, 2, 3, 1]","[42, 2, 3, 2]","[43, 2, 1, 0]","[45, 2, 4, 0]","[46, 2, 6, 0]","[47, 2, 3, 0]",,
80,"[18, 2, 9, 0]","[19, 2, 5, 0]","[20, 2, 9, 0]","[21, 2, 2, 0]","[22, 2, 0, 1]","[27, 2, 9, 2]","[31, 2, 8, 0]","[34, 2, 2, 2]","[40, 2, 3, 2]","[42, 2, 3, 0]","[43, 2, 1, 2]","[45, 2, 4, 2]","[46, 2, 6, 2]",,,
81,"[18, 2, 9, 2]","[19, 2, 5, 0]","[20, 2, 9, 0]","[21, 2, 2, 0]","[22, 2, 0, 1]","[31, 2, 8, 0]","[34, 2, 2, 2]","[40, 2, 3, 2]","[42, 2, 3, 0]","[43, 2, 1, 2]","[45, 2, 4, 2]","[46, 2, 6, 2]",,,,
82,"[18, 2, 9, 2]","[19, 2, 5, 2]","[20, 2, 9, 2]","[21, 2, 2, 2]","[22, 2, 0, 1]","[31, 2, 8, 0]","[34, 2, 2, 2]","[40, 2, 3, 2]","[42, 2, 3, 0]","[43, 2, 1, 2]","[45, 2, 4, 2]",,,,,
83,"[18, 2, 9, 2]","[19, 2, 5, 2]","[20, 2, 9, 2]","[21, 2, 2, 2]","[22, 2, 0, 2]","[31, 2, 8, 2]","[34, 2, 2, 2]","[40, 2, 3, 1]","[42, 2, 3, 2]","[43, 2, 1, 2]","[45, 2, 4, 2]","[48, 2, 8, 0]",,,,
84,"[18, 2, 9, 2]","[19, 2, 5, 2]","[20, 2, 9, 2]","[21, 2, 2, 2]","[22, 2, 0, 2]","[31, 2, 8, 2]","[34, 2, 2, 2]","[40, 2, 3, 2]","[42, 2, 3, 2]","[43, 2, 1, 2]","[45, 2, 4, 2]","[48, 2, 8, 2]","[49, 2, 2, 0]",,,
85,"[18, 2, 9, 2]","[19, 2, 5, 2]","[20, 2, 9, 2]","[21, 2, 2, 2]","[22, 2, 0, 2]","[31, 2, 8, 2]","[34, 2, 2, 1]","[40, 2, 3, 2]","[42, 2, 3, 2]","[43, 2, 1, 2]","[45, 2, 4, 2]","[48, 2, 8, 2]","[49, 2, 2, 2]","[50, 2, 1, 0]",,
86,"[18, 2, 9, 2]","[19, 2, 5, 2]","[20, 2, 9, 2]","[21, 2, 2, 2]","[22, 2, 0, 2]","[31, 2, 8, 2]","[34, 2, 2, 1]","[40, 2, 3, 2]","[42, 2, 3, 2]","[43, 2, 1, 2]","[45, 2, 4, 2]","[48, 2, 8, 2]","[49, 2, 2, 2]","[50, 2, 1, 0]","[51, 2, 3, 0]",
87,"[18, 2, 9, 2]","[19, 2, 5, 2]","[20, 2, 9, 0]","[21, 2, 2, 0]","[22, 2, 0, 2]","[31, 2, 8, 1]","[34, 2, 2, 1]","[40, 2, 3, 2]","[42, 2, 3, 0]","[43, 2, 1, 2]","[45, 2, 4, 2]","[48, 2, 8, 2]","[49, 2, 2, 2]","[50, 2, 1, 0]","[51, 2, 3, 0]","[52, 2, 5, 0]"
88,"[18, 2, 9, 2]","[19, 2, 5, 2]","[20, 2, 9, 0]","[21, 2, 2, 0]","[22, 2, 0, 2]","[31, 2, 8, 1]","[34, 2, 2, 1]","[40, 2, 3, 2]","[42, 2, 3, 0]","[43, 2, 1, 2]","[45, 2, 4, 2]","[48, 2, 8, 2]","[49, 2, 2, 2]","[50, 2, 1, 0]","[51, 2, 3, 0]",
89,"[18, 2, 9, 2]","[19, 2, 5, 2]","[20, 2, 9, 0]","[21, 2, 2, 0]","[22, 2, 0, 2]","[31, 2, 8, 1]","[34, 2, 2, 1]","[40, 2, 3, 1]","[42, 2, 3, 0]","[43, 2, 1, 2]","[45, 2, 4, 2]","[49, 2, 2, 0]","[50, 2, 1, 0]","[51, 2, 3, 0]",,
90,"[18, 2, 9, 2]","[19, 2, 5, 2]","[20, 2, 9, 2]","[21, 2, 2, 0]","[22, 2, 0, 2]","[31, 2, 8, 1]","[34, 2, 2, 1]","[40, 2, 3, 1]","[42, 2, 3, 0]","[43, 2, 1, 1]","[45, 2, 4, 2]","[49, 2, 2, 0]","[50, 2, 1, 2]",,,
91,"[18, 2, 9, 2]","[19, 2, 5, 2]","[20, 2, 9, 2]","[21, 2, 2, 2]","[22, 2, 0, 2]","[31, 2, 8, 1]","[34, 2, 2, 1]","[40, 2, 3, 1]","[42, 2, 3, 0]","[43, 2, 1, 1]","[45, 2, 4, 2]","[49, 2, 2, 0]","[50, 2, 1, 2]","[53, 2, 6, 0]",,
92,"[18, 2, 9, 2]","[20, 2, 9, 2]","[21, 2, 2, 2]","[22, 2, 0, 2]","[31, 2, 8, 1]","[34, 2, 2, 1]","[40, 2, 3, 1]","[42, 2, 3, 0]","[43, 2, 1, 1]","[45, 2, 4, 2]","[49, 2, 2, 0]","[50, 2, 1, 2]","[53, 2, 6, 0]",,,
93,"[18, 2, 9, 2]","[20, 2, 9, 2]","[21, 2, 2, 2]","[22, 2, 0, 2]","[31, 2, 8, 2]","[34, 2, 2, 2]","[40, 2, 3, 1]","[42, 2, 3, 0]","[43, 2, 1, 1]","[45, 2, 4, 2]","[49, 2, 2, 0]","[50, 2, 1, 2]","[53, 2, 6, 0]","[54, 2, 2, 0]",,
94,"[18, 2, 9, 2]","[21, 2, 2, 2]","[22, 2, 0, 2]","[31, 2, 8, 2]","[34, 2, 2, 1]","[40, 2, 3, 1]","[42, 2, 3, 0]","[43, 2, 1, 0]","[45, 2, 4, 0]","[49, 2, 2, 0]","[50, 2, 1, 0]","[53, 2, 6, 0]","[54, 2, 2, 0]",,,
95,"[18, 2, 9, 0]","[21, 2, 2, 2]","[22, 2, 0, 2]","[31, 2, 8, 2]","[34, 2, 2, 1]","[40, 2, 3, 2]","[42, 2, 3, 1]","[43, 2, 1, 0]","[45, 2, 4, 0]","[49, 2, 2, 0]","[50, 2, 1, 0]","[53, 2, 6, 0]",,,,
96,"[18, 2, 9, 0]","[21, 2, 2, 2]","[22, 2, 0, 2]","[31, 2, 8, 2]","[34, 2, 2, 1]","[40, 2, 3, 2]","[42, 2, 3, 1]","[43, 2, 1, 0]","[45, 2, 4, 0]","[49, 2, 2, 0]","[50, 2, 1, 0]",,,,,
97,"[18, 2, 9, 0]","[21, 2, 2, 2]","[22, 2, 0, 1]","[31, 2, 8, 1]","[34, 2, 2, 1]","[40, 2, 3, 2]","[42, 2, 3, 1]","[43, 2, 1, 0]","[45, 2, 4, 0]","[50, 2, 1, 1]",,,,,,
98,"[18, 2, 9, 0]","[21, 2, 2, 2]","[22, 2, 0, 1]","[31, 2, 8, 1]","[34, 2, 2, 1]","[40, 2, 3, 2]","[42, 2, 3, 1]","[43, 2, 1, 0]","[45, 2, 4, 0]","[50, 2, 1, 0]","[55, 2, 6, 0]",,,,,
99,"[18, 2, 9, 0]","[21, 2, 2, 2]","[22, 2, 0, 1]","[31, 2, 8, 1]","[34, 2, 2, 1]","[40, 2, 3, 2]","[42, 2, 3, 1]","[43, 2, 1, 0]","[45, 2, 4, 0]","[50, 2, 1, 0]",,,,,,
100,"[18, 2, 9, 0]","[21, 2, 2, 2]","[22, 2, 0, 1]","[34, 2, 2, 1]","[40, 2, 3, 2]","[42, 2, 3, 1]","[43, 2, 1, 0]","[45, 2, 4, 0]","[50, 2, 1, 0]",,,,,,,
101,"[18, 2, 9, 1]","[21, 2, 2, 2]","[22, 2, 0, 1]","[34, 2, 2, 1]","[40, 2, 3, 2]","[42, 2, 3, 1]","[43, 2, 1, 0]","[45, 2, 4, 0]","[50, 2, 1, 0]","[56, 2, 1, 0]",,,,,,
102,"[18, 2, 9, 1]","[21, 2, 2, 2]","[22, 2, 0, 1]","[40, 2, 3, 2]","[42, 2, 3, 1]","[43, 2, 1, 0]","[45, 2, 4, 0]","[50, 2, 1, 0]","[56, 2, 1, 0]",,,,,,,
103,"[18, 2, 9, 2]","[21, 2, 2, 2]","[22, 2, 0, 1]","[40, 2, 3, 2]","[42, 2, 3, 1]","[43, 2, 1, 0]","[45, 2, 4, 0]","[50, 2, 1, 0]","[56, 2, 1, 0]","[57, 2, 0, 0]",,,,,,
104,"[18, 2, 9, 2]","[21, 2, 2, 2]","[22, 2, 0, 1]","[40, 2, 3, 2]","[43, 2, 1, 0]","[45, 2, 4, 0]","[50, 2, 1, 0]","[56, 2, 1, 0]","[57, 2, 0, 0]",,,,,,,
105,"[18, 2, 9, 2]","[21, 2, 2, 2]","[22, 2, 0, 2]","[40, 2, 3, 2]","[43, 2, 1, 0]","[45, 2, 4, 0]","[50, 2, 1, 0]","[56, 2, 1, 0]","[57, 2, 0, 0]","[58, 2, 1, 0]",,,,,,
106,"[18, 2, 9, 2]","[21, 2, 2, 2]","[40, 2, 3, 2]","[43, 2, 1, 0]","[45, 2, 4, 0]","[50, 2, 1, 0]","[56, 2, 1, 0]","[57, 2, 0, 0]","[58, 2, 1, 0]",,,,,,,
107,"[18, 2, 9, 2]","[21, 2, 2, 2]","[40, 2, 3, 2]","[43, 2, 1, 2]","[45, 2, 4, 2]","[50, 2, 1, 2]","[57, 2, 0, 2]","[58, 2, 1, 0]",,,,,,,,
108,"[18, 2, 9, 2]","[21, 2, 2, 2]","[40, 2, 3, 2]","[43, 2, 1, 2]","[45, 2, 4, 2]","[50, 2, 1, 2]","[57, 2, 0, 2]","[58, 2, 1, 2]","[59, 2, 2, 0]",,,,,,,
109,"[18, 2, 9, 2]","[21, 2, 2, 0]","[40, 2, 3, 2]","[43, 2, 1, 2]","[45, 2, 4, 2]","[50, 2, 1, 2]","[57, 2, 0, 2]","[58, 2, 1, 2]","[59, 2, 2, 0]","[60, 2, 0, 0]",,,,,,
110,"[18, 2, 9, 2]","[21, 2, 2, 0]","[40, 2, 3, 2]","[43, 2, 1, 2]","[45, 2, 4, 2]","[50, 2, 1, 2]","[57, 2, 0, 2]","[58, 2, 1, 2]","[59, 2, 2, 0]","[60, 2, 0, 0]","[61, 2, 4, 0]",,,,,
111,"[18, 2, 9, 1]","[21, 2, 2, 0]","[40, 2, 3, 2]","[43, 2, 1, 2]","[45, 2, 4, 2]","[50, 2, 1, 2]","[57, 2, 0, 2]","[58, 2, 1, 2]","[59, 2, 2, 0]","[60, 2, 0, 0]","[61, 2, 4, 0]","[62, 2, 7, 0]",,,,
112,"[18, 2, 9, 1]","[21, 2, 2, 0]","[40, 2, 3, 2]","[43, 2, 1, 2]","[45, 2, 4, 2]","[50, 2, 1, 2]","[57, 2, 0, 2]","[58, 2, 1, 2]","[59, 2, 2, 2]","[60, 2, 0, 2]","[61, 2, 4, 0]",,,,,
113,"[18, 2, 9, 0]","[21, 2, 2, 0]","[40, 2, 3, 1]","[43, 2, 1, 2]","[45, 2, 4, 2]","[50, 2, 1, 2]","[57, 2, 0, 2]","[58, 2, 1, 2]","[59, 2, 2, 2]","[60, 2, 0, 2]","[61, 2, 4, 0]","[63, 2, 4, 0]",,,,
114,"[18, 2, 9, 0]","[21, 2, 2, 0]","[40, 2, 3, 1]","[43, 2, 1, 2]","[45, 2, 4, 2]","[50, 2, 1, 2]","[57, 2, 0, 2]","[58, 2, 1, 2]","[59, 2, 2, 2]","[60, 2, 0, 2]","[61, 2, 4, 0]","[63, 2, 4, 0]","[64, 2, 7, 0]",,,
115,"[18, 2, 9, 0]","[21, 2, 2, 0]","[40, 2, 3, 1]","[45, 2, 4, 2]","[50, 2, 1, 2]","[57, 2, 0, 2]","[58, 2, 1, 2]","[59, 2, 2, 2]","[60, 2, 0, 2]","[61, 2, 4, 0]","[63, 2, 4, 0]","[64, 2, 7, 0]",,,,
116,"[21, 2, 2, 0]","[40, 2, 3, 1]","[45, 2, 4, 0]","[50, 2, 1, 0]","[57, 2, 0, 1]","[58, 2, 1, 2]","[59, 2, 2, 2]","[60, 2, 0, 2]","[61, 2, 4, 2]","[63, 2, 4, 0]","[64, 2, 7, 0]",,,,,
117,"[21, 2, 2, 0]","[40, 2, 3, 1]","[45, 2, 4, 0]","[50, 2, 1, 0]","[58, 2, 1, 0]","[59, 2, 2, 2]","[60, 2, 0, 2]","[61, 2, 4, 2]","[63, 2, 4, 0]","[64, 2, 7, 0]",,,,,,
118,"[21, 2, 2, 0]","[40, 2, 3, 0]","[45, 2, 4, 0]","[50, 2, 1, 0]","[58, 2, 1, 0]","[59, 2, 2, 2]","[60, 2, 0, 2]","[61, 2, 4, 2]","[64, 2, 7, 1]",,,,,,,
119,"[21, 2, 2, 0]","[40, 2, 3, 0]","[45, 2, 4, 0]","[50, 2, 1, 0]","[58, 2, 1, 0]","[59, 2, 2, 2]","[60, 2, 0, 2]","[61, 2, 4, 2]","[64, 2, 7, 1]","[65, 2, 1, 0]",,,,,,
120,"[21, 2, 2, 2]","[40, 2, 3, 2]","[45, 2, 4, 2]","[50, 2, 1, 0]","[58, 2, 1, 0]","[59, 2, 2, 2]","[60, 2, 0, 2]","[64, 2, 7, 1]","[65, 2, 1, 0]",,,,,,,
121,"[21, 2, 2, 2]","[40, 2, 3, 2]","[45, 2, 4, 2]","[50, 2, 1, 2]","[58, 2, 1, 0]","[59, 2, 2, 2]","[60, 2, 0, 2]","[64, 2, 7, 1]","[65, 2, 1, 0]","[66, 2, 7, 0]",,,,,,
122,"[21, 2, 2, 2]","[40, 2, 3, 2]","[45, 2, 4, 2]","[50, 2, 1, 2]","[58, 2, 1, 0]","[59, 2, 2, 2]","[60, 2, 0, 2]","[64, 2, 7, 1]","[65, 2, 1, 0]","[66, 2, 7, 0]","[67, 2, 8, 0]",,,,,
123,"[21, 2, 2, 2]","[40, 2, 3, 2]","[45, 2, 4, 2]","[50, 2, 1, 2]","[58, 2, 1, 0]","[59, 2, 2, 2]","[60, 2, 0, 2]","[64, 2, 7, 1]","[65, 2, 1, 0]","[66, 2, 7, 0]","[67, 2, 8, 0]","[68, 2, 7, 0]",,,,
124,"[21, 2, 2, 2]","[40, 2, 3, 2]","[45, 2, 4, 2]","[50, 2, 1, 2]","[58, 2, 1, 0]","[59, 2, 2, 2]","[60, 2, 0, 2]","[64, 2, 7, 1]","[65, 2, 1, 0]","[66, 2, 7, 0]","[67, 2, 8, 0]","[68, 2, 7, 0]","[69, 2, 0, 0]",,,
125,"[21, 2, 2, 0]","[40, 2, 3, 0]","[45, 2, 4, 0]","[50, 2, 1, 2]","[58, 2, 1, 0]","[59, 2, 2, 0]","[60, 2, 0, 0]","[64, 2, 7, 1]","[65, 2, 1, 0]","[66, 2, 7, 0]","[67, 2, 8, 0]","[68, 2, 7, 0]",,,,
126,"[21, 2, 2, 0]","[40, 2, 3, 0]","[45, 2, 4, 0]","[50, 2, 1, 2]","[58, 2, 1, 0]","[59, 2, 2, 0]","[60, 2, 0, 0]","[64, 2, 7, 1]","[65, 2, 1, 0]","[66, 2, 7, 0]","[67, 2, 8, 0]",,,,,
127,"[21, 2, 2, 0]","[40, 2, 3, 0]","[45, 2, 4, 0]","[50, 2, 1, 2]","[58, 2, 1, 0]","[59, 2, 2, 0]","[60, 2, 0, 0]","[64, 2, 7, 0]","[65, 2, 1, 0]","[66, 2, 7, 0]",,,,,,
128,"[21, 2, 2, 0]","[40, 2, 3, 0]","[45, 2, 4, 0]","[50, 2, 1, 2]","[59, 2, 2, 2]","[60, 2, 0, 2]","[64, 2, 7, 1]","[65, 2, 1, 1]","[66, 2, 7, 0]",,,,,,,
129,"[21, 2, 2, 0]","[40, 2, 3, 0]","[45, 2, 4, 0]","[50, 2, 1, 2]","[59, 2, 2, 2]","[60, 2, 0, 2]","[64, 2, 7, 1]","[65, 2, 1, 1]","[66, 2, 7, 2]","[70, 2, 7, 0]",,,,,,
130,"[21, 2, 2, 0]","[40, 2, 3, 0]","[45, 2, 4, 0]","[50, 2, 1, 2]","[59, 2, 2, 2]","[60, 2, 0, 2]","[64, 2, 7, 1]","[65, 2, 1, 1]","[66, 2, 7, 2]","[70, 2, 7, 0]","[71, 2, 5, 0]",,,,,
131,"[21, 2, 2, 0]","[40, 2, 3, 0]","[45, 2, 4, 0]","[59, 2, 2, 0]","[60, 2, 0, 0]","[64, 2, 7, 0]","[65, 2, 1, 0]","[66, 2, 7, 2]","[70, 2, 7, 0]","[71, 2, 5, 0]",,,,,,
132,"[21, 2, 2, 0]","[40, 2, 3, 0]","[45, 2, 4, 0]","[59, 2, 2, 0]","[60, 2, 0, 0]","[64, 2, 7, 0]","[66, 2, 7, 0]","[70, 2, 7, 2]","[71, 2, 5, 0]",,,,,,,
133,"[21, 2, 2, 0]","[40, 2, 3, 0]","[45, 2, 4, 0]","[59, 2, 2, 0]","[60, 2, 0, 0]","[66, 2, 7, 0]","[70, 2, 7, 2]","[71, 2, 5, 0]",,,,,,,,
134,"[21, 2, 2, 2]","[45, 2, 4, 0]","[59, 2, 2, 0]","[60, 2, 0, 0]","[66, 2, 7, 0]","[70, 2, 7, 2]","[71, 2, 5, 0]",,,,,,,,,
135,"[21, 2, 2, 2]","[45, 2, 4, 0]","[59, 2, 2, 0]","[60, 2, 0, 0]","[66, 2, 7, 0]","[70, 2, 7, 2]","[71, 2, 5, 0]","[72, 2, 1, 0]",,,,,,,,
136,"[21, 2, 2, 2]","[45, 2, 4, 0]","[59, 2, 2, 0]","[60, 2, 0, 0]","[66, 2, 7, 0]","[70, 2, 7, 2]","[71, 2, 5, 0]",,,,,,,,,
137,"[21, 2, 2, 2]","[45, 2, 4, 0]","[59, 2, 2, 0]","[60, 2, 0, 0]","[66, 2, 7, 0]","[70, 2, 7, 2]","[71, 2, 5, 0]","[73, 2, 0, 0]",,,,,,,,
138,"[21, 2, 2, 2]","[59, 2, 2, 2]","[60, 2, 0, 2]","[66, 2, 7, 2]","[70, 2, 7, 2]","[71, 2, 5, 0]","[73, 2, 0, 0]",,,,,,,,,
139,"[21, 2, 2, 2]","[59, 2, 2, 2]","[60, 2, 0, 2]","[66, 2, 7, 2]","[70, 2, 7, 2]","[71, 2, 5, 2]","[73, 2, 0, 0]","[74, 2, 3, 0]",,,,,,,,
140,"[21, 2, 2, 2]","[59, 2, 2, 2]","[60, 2, 0, 2]","[66, 2, 7, 2]","[70, 2, 7, 2]","[71, 2, 5, 2]","[73, 2, 0, 0]","[74, 2, 3, 0]","[75, 2, 1, 0]",,,,,,,
141,"[21, 2, 2, 2]","[59, 2, 2, 2]","[60, 2, 0, 2]","[66, 2, 7, 2]","[70, 2, 7, 2]","[71, 2, 5, 2]","[73, 2, 0, 0]","[74, 2, 3, 0]","[75, 2, 1, 0]","[76, 2, 7, 0]",,,,,,
142,"[21, 2, 2, 2]","[59, 2, 2, 2]","[60, 2, 0, 2]","[66, 2, 7, 2]","[70, 2, 7, 2]","[71, 2, 5, 2]","[73, 2, 0, 2]","[74, 2, 3, 0]","[75, 2, 1, 0]",,,,,,,
143,"[21, 2, 2, 2]","[59, 2, 2, 0]","[60, 2, 0, 0]","[66, 2, 7, 0]","[70, 2, 7, 2]","[71, 2, 5, 2]","[73, 2, 0, 2]","[74, 2, 3, 0]","[75, 2, 1, 0]","[77, 2, 3, 0]",,,,,,
144,"[21, 2, 2, 2]","[59, 2, 2, 0]","[60, 2, 0, 0]","[70, 2, 7, 2]","[71, 2, 5, 0]","[73, 2, 0, 2]","[74, 2, 3, 0]","[75, 2, 1, 0]","[77, 2, 3, 0]",,,,,,,
145,"[21, 2, 2, 2]","[59, 2, 2, 0]","[60, 2, 0, 0]","[70, 2, 7, 2]","[71, 2, 5, 0]","[73, 2, 0, 2]","[75, 2, 1, 0]","[77, 2, 3, 0]",,,,,,,,
146,"[21, 2, 2, 2]","[59, 2, 2, 0]","[60, 2, 0, 0]","[70, 2, 7, 2]","[71, 2, 5, 0]","[75, 2, 1, 2]","[77, 2, 3, 2]",,,,,,,,,
147,"[21, 2, 2, 2]","[59, 2, 2, 2]","[60, 2, 0, 0]","[70, 2, 7, 2]","[71, 2, 5, 0]","[75, 2, 1, 2]","[77, 2, 3, 2]","[78, 2, 9, 0]",,,,,,,,
148,"[21, 2, 2, 2]","[59, 2, 2, 2]","[60, 2, 0, 0]","[70, 2, 7, 2]","[71, 2, 5, 0]","[75, 2, 1, 2]","[77, 2, 3, 2]","[78, 2, 9, 0]","[79, 2, 7, 0]",,,,,,,
149,"[21, 2, 2, 2]","[59, 2, 2, 2]","[60, 2, 0, 0]","[70, 2, 7, 2]","[71, 2, 5, 0]","[75, 2, 1, 2]","[77, 2, 3, 2]","[78, 2, 9, 0]","[79, 2, 7, 0]","[80, 2, 8, 0]",,,,,,
150,"[21, 2, 2, 2]","[59, 2, 2, 2]","[60, 2, 0, 0]","[70, 2, 7, 2]","[71, 2, 5, 0]","[75, 2, 1, 2]","[77, 2, 3, 2]","[78, 2, 9, 0]","[79, 2, 7, 0]","[80, 2, 8, 0]","[81, 2, 6, 0]",,,,,
151,"[21, 2, 2, 2]","[59, 2, 2, 2]","[60, 2, 0, 2]","[70, 2, 7, 1]","[71, 2, 5, 2]","[75, 2, 1, 2]","[77, 2, 3, 2]","[78, 2, 9, 0]","[79, 2, 7, 0]","[80, 2, 8, 0]",,,,,,
152,"[21, 2, 2, 2]","[59, 2, 2, 2]","[60, 2, 0, 2]","[70, 2, 7, 1]","[71, 2, 5, 2]","[75, 2, 1, 2]","[77, 2, 3, 2]","[78, 2, 9, 0]","[79, 2, 7, 0]","[80, 2, 8, 0]","[82, 2, 7, 0]",,,,,
153,"[21, 2, 2, 2]","[59, 2, 2, 2]","[60, 2, 0, 2]","[70, 2, 7, 1]","[71, 2, 5, 2]","[75, 2, 1, 2]","[77, 2, 3, 2]","[78, 2, 9, 0]","[79, 2, 7, 0]","[80, 2, 8, 0]","[82, 2, 7, 0]","[83, 2, 6, 0]",,,,
154,"[21, 2, 2, 2]","[59, 2, 2, 2]","[60, 2, 0, 0]","[70, 2, 7, 1]","[71, 2, 5, 0]","[75, 2, 1, 2]","[77, 2, 3, 2]","[78, 2, 9, 0]","[79, 2, 7, 0]","[80, 2, 8, 0]","[82, 2, 7, 0]","[83, 2, 6, 0]","[84, 2, 0, 0]",,,
155,"[21, 2, 2, 2]","[59, 2, 2, 2]","[60, 2, 0, 0]","[70, 2, 7, 1]","[71, 2, 5, 0]","[75, 2, 1, 2]","[77, 2, 3, 2]","[78, 2, 9, 0]","[79, 2, 7, 0]","[80, 2, 8, 0]","[82, 2, 7, 0]","[83, 2, 6, 0]",,,,
156,"[21, 2, 2, 2]","[59, 2, 2, 2]","[60, 2, 0, 0]","[70, 2, 7, 1]","[71, 2, 5, 0]","[75, 2, 1, 2]","[77, 2, 3, 2]","[78, 2, 9, 0]","[79, 2, 7, 0]","[80, 2, 8, 0]","[83, 2, 6, 0]",,,,,
157,"[21, 2, 2, 2]","[59, 2, 2, 2]","[60, 2, 0, 0]","[70, 2, 7, 1]","[71, 2, 5, 2]","[75, 2, 1, 2]","[77, 2, 3, 2]","[78, 2, 9, 2]","[79, 2, 7, 2]","[83, 2, 6, 0]",,,,,,
158,"[21, 2, 2, 2]","[59, 2, 2, 2]","[60, 2, 0, 0]","[70, 2, 7, 1]","[71, 2, 5, 0]","[75, 2, 1, 2]","[77, 2, 3, 2]","[78, 2, 9, 0]","[79, 2, 7, 0]","[83, 2, 6, 2]","[85, 2, 5, 0]",,,,,
159,"[21, 2, 2, 2]","[59, 2, 2, 2]","[60, 2, 0, 0]","[70, 2, 7, 1]","[71, 2, 5, 0]","[75, 2, 1, 2]","[77, 2, 3, 2]","[78, 2, 9, 0]","[79, 2, 7, 0]","[83, 2, 6, 0]","[85, 2, 5, 0]","[86, 2, 1, 0]",,,,
160,"[21, 2, 2, 2]","[59, 2, 2, 2]","[60, 2, 0, 0]","[70, 2, 7, 1]","[71, 2, 5, 0]","[75, 2, 1, 2]","[77, 2, 3, 2]","[78, 2, 9, 0]","[79, 2, 7, 0]","[83, 2, 6, 0]","[85, 2, 5, 0]",,,,,
161,"[21, 2, 2, 2]","[59, 2, 2, 2]","[60, 2, 0, 0]","[70, 2, 7, 1]","[71, 2, 5, 0]","[75, 2, 1, 2]","[77, 2, 3, 2]","[78, 2, 9, 0]","[79, 2, 7, 0]","[85, 2, 5, 0]",,,,,,
162,"[21, 2, 2, 2]","[59, 2, 2, 2]","[60, 2, 0, 2]","[70, 2, 7, 2]","[71, 2, 5, 1]","[75, 2, 1, 2]","[77, 2, 3, 2]","[78, 2, 9, 0]","[79, 2, 7, 0]",,,,,,,
163,"[21, 2, 2, 0]","[59, 2, 2, 2]","[60, 2, 0, 2]","[70, 2, 7, 2]","[71, 2, 5, 2]","[75, 2, 1, 2]","[77, 2, 3, 2]","[78, 2, 9, 1]","[79, 2, 7, 0]","[87, 2, 5, 0]",,,,,,
164,"[21, 2, 2, 0]","[59, 2, 2, 2]","[60, 2, 0, 2]","[70, 2, 7, 2]","[71, 2, 5, 2]","[75, 2, 1, 2]","[77, 2, 3, 2]","[78, 2, 9, 1]","[79, 2, 7, 0]","[87, 2, 5, 0]","[88, 2, 7, 0]",,,,,
165,"[21, 2, 2, 0]","[59, 2, 2, 2]","[60, 2, 0, 2]","[70, 2, 7, 2]","[71, 2, 5, 2]","[75, 2, 1, 2]","[77, 2, 3, 0]","[78, 2, 9, 1]","[79, 2, 7, 0]","[87, 2, 5, 0]","[88, 2, 7, 0]","[89, 2, 7, 0]",,,,
166,"[21, 2, 2, 0]","[59, 2, 2, 2]","[60, 2, 0, 2]","[70, 2, 7, 2]","[71, 2, 5, 2]","[75, 2, 1, 2]","[77, 2, 3, 0]","[78, 2, 9, 1]","[79, 2, 7, 0]","[87, 2, 5, 0]","[89, 2, 7, 0]",,,,,
167,"[21, 2, 2, 0]","[59, 2, 2, 2]","[60, 2, 0, 2]","[70, 2, 7, 2]","[71, 2, 5, 2]","[75, 2, 1, 2]","[77, 2, 3, 0]","[78, 2, 9, 2]","[79, 2, 7, 2]","[87, 2, 5, 1]",,,,,,
168,"[21, 2, 2, 0]","[59, 2, 2, 2]","[60, 2, 0, 2]","[70, 2, 7, 2]","[71, 2, 5, 2]","[75, 2, 1, 2]","[77, 2, 3, 0]","[78, 2, 9, 2]","[79, 2, 7, 2]","[87, 2, 5, 1]","[90, 2, 5, 0]",,,,,
169,"[21, 2, 2, 0]","[59, 2, 2, 2]","[60, 2, 0, 0]","[70, 2, 7, 1]","[71, 2, 5, 0]","[75, 2, 1, 2]","[77, 2, 3, 0]","[78, 2, 9, 1]","[79, 2, 7, 2]","[87, 2, 5, 1]","[90, 2, 5, 0]","[91, 2, 6, 0]",,,,
170,"[21, 2, 2, 1]","[59, 2, 2, 2]","[60, 2, 0, 0]","[70, 2, 7, 0]","[71, 2, 5, 0]","[75, 2, 1, 2]","[77, 2, 3, 0]","[78, 2, 9, 1]","[79, 2, 7, 2]","[87, 2, 5, 2]","[90, 2, 5, 2]",,,,,
171,"[21, 2, 2, 2]","[59, 2, 2, 2]","[60, 2, 0, 2]","[70, 2, 7, 1]","[71, 2, 5, 2]","[75, 2, 1, 2]","[77, 2, 3, 0]","[78, 2, 9, 1]","[79, 2, 7, 2]","[87, 2, 5, 2]",,,,,,
172,"[21, 2, 2, 2]","[59, 2, 2, 2]","[60, 2, 0, 2]","[70, 2, 7, 1]","[71, 2, 5, 2]","[75, 2, 1, 2]","[77, 2, 3, 2]","[78, 2, 9, 1]","[79, 2, 7, 2]","[87, 2, 5, 2]","[92, 2, 1, 0]",,,,,
173,"[21, 2, 2, 2]","[59, 2, 2, 0]","[60, 2, 0, 2]","[70, 2, 7, 1]","[71, 2, 5, 2]","[75, 2, 1, 2]","[77, 2, 3, 2]","[78, 2, 9, 1]","[79, 2, 7, 2]","[87, 2, 5, 2]","[92, 2, 1, 0]","[93, 2, 4, 0]",,,,
174,"[21, 2, 2, 2]","[59, 2, 2, 0]","[60, 2, 0, 2]","[70, 2, 7, 1]","[71, 2, 5, 2]","[75, 2, 1, 2]","[77, 2, 3, 2]","[78, 2, 9, 1]","[79, 2, 7, 2]","[87, 2, 5, 2]","[92, 2, 1, 0]","[93, 2, 4, 0]","[94, 2, 6, 0]",,,
175,"[21, 2, 2, 2]","[59, 2, 2, 0]","[60, 2, 0, 2]","[70, 2, 7, 1]","[71, 2, 5, 2]","[75, 2, 1, 2]","[77, 2, 3, 2]","[78, 2, 9, 1]","[79, 2, 7, 2]","[87, 2, 5, 2]","[92, 2, 1, 0]","[93, 2, 4, 0]","[94, 2, 6, 0]","[95, 2, 1, 0]",,
176,"[21, 2, 2, 2]","[59, 2, 2, 0]","[60, 2, 0, 2]","[70, 2, 7, 1]","[71, 2, 5, 2]","[75, 2, 1, 2]","[77, 2, 3, 2]","[78, 2, 9, 1]","[79, 2, 7, 2]","[87, 2, 5, 2]","[93, 2, 4, 0]","[94, 2, 6, 0]","[95, 2, 1, 0]",,,
177,"[21, 2, 2, 2]","[59, 2, 2, 0]","[60, 2, 0, 2]","[70, 2, 7, 1]","[71, 2, 5, 2]","[75, 2, 1, 2]","[77, 2, 3, 2]","[78, 2, 9, 1]","[79, 2, 7, 2]","[87, 2, 5, 2]","[93, 2, 4, 0]","[94, 2, 6, 0]","[95, 2, 1, 0]","[96, 2, 1, 0]",,
178,"[21, 2, 2, 1]","[59, 2, 2, 1]","[60, 2, 0, 0]","[70, 2, 7, 0]","[71, 2, 5, 0]","[75, 2, 1, 2]","[77, 2, 3, 2]","[78, 2, 9, 2]","[79, 2, 7, 2]","[87, 2, 5, 2]","[93, 2, 4, 2]","[94, 2, 6, 2]","[95, 2, 1, 2]",,,
179,"[21, 2, 2, 1]","[59, 2, 2, 1]","[60, 2, 0, 0]","[70, 2, 7, 0]","[71, 2, 5, 0]","[75, 2, 1, 2]","[77, 2, 3, 2]","[78, 2, 9, 2]","[79, 2, 7, 2]","[87, 2, 5, 2]","[93, 2, 4, 2]","[94, 2, 6, 2]","[95, 2, 1, 2]","[97, 2, 5, 0]",,
180,"[21, 2, 2, 1]","[59, 2, 2, 2]","[60, 2, 0, 2]","[70, 2, 7, 2]","[71, 2, 5, 1]","[75, 2, 1, 2]","[77, 2, 3, 2]","[78, 2, 9, 2]","[79, 2, 7, 2]","[87, 2, 5, 2]","[93, 2, 4, 2]","[94, 2, 6, 2]","[95, 2, 1, 2]",,,
181,"[21, 2, 2, 1]","[59, 2, 2, 2]","[60, 2, 0, 2]","[70, 2, 7, 2]","[71, 2, 5, 1]","[75, 2, 1, 2]","[77, 2, 3, 2]","[78, 2, 9, 2]","[79, 2, 7, 2]","[87, 2, 5, 2]","[93, 2, 4, 2]","[94, 2, 6, 2]","[95, 2, 1, 2]","[98, 2, 9, 0]",,
182,"[21, 2, 2, 1]","[59, 2, 2, 2]","[60, 2, 0, 2]","[70, 2, 7, 2]","[71, 2, 5, 1]","[75, 2, 1, 2]","[77, 2, 3, 2]","[78, 2, 9, 2]","[79, 2, 7, 2]","[87, 2, 5, 2]","[93, 2, 4, 2]","[94, 2, 6, 2]","[95, 2, 1, 2]","[98, 2, 9, 0]","[99, 2, 4, 0]",
183,"[21, 2, 2, 1]","[59, 2, 2, 2]","[60, 2, 0, 2]","[70, 2, 7, 2]","[71, 2, 5, 1]","[75, 2, 1, 2]","[77, 2, 3, 2]","[78, 2, 9, 1]","[79, 2, 7, 0]","[87, 2, 5, 1]","[93, 2, 4, 2]","[94, 2, 6, 2]","[95, 2, 1, 2]","[98, 2, 9, 0]","[99, 2, 4, 0]","[100, 2, 4, 0]"
184,"[21, 2, 2, 1]","[59, 2, 2, 2]","[60, 2, 0, 2]","[70, 2, 7, 2]","[71, 2, 5, 1]","[75, 2, 1, 2]","[77, 2, 3, 2]","[78, 2, 9, 1]","[79, 2, 7, 0]","[87, 2, 5, 1]","[93, 2, 4, 2]","[94, 2, 6, 2]","[95, 2, 1, 2]","[98, 2, 9, 0]","[99, 2, 4, 0]",
185,"[21, 2, 2, 1]","[59, 2, 2, 2]","[60, 2, 0, 2]","[70, 2, 7, 2]","[71, 2, 5, 1]","[77, 2, 3, 2]","[78, 2, 9, 1]","[79, 2, 7, 0]","[87, 2, 5, 1]","[93, 2, 4, 2]","[94, 2, 6, 2]","[95, 2, 1, 2]","[98, 2, 9, 0]","[99, 2, 4, 0]",,
186,"[21, 2, 2, 1]","[59, 2, 2, 1]","[70, 2, 7, 0]","[71, 2, 5, 2]","[77, 2, 3, 2]","[78, 2, 9, 2]","[79, 2, 7, 0]","[87, 2, 5, 1]","[93, 2, 4, 2]","[94, 2, 6, 2]","[95, 2, 1, 2]","[98, 2, 9, 0]","[99, 2, 4, 0]",,,
187,"[21, 2, 2, 2]","[59, 2, 2, 1]","[70, 2, 7, 0]","[71, 2, 5, 1]","[77, 2, 3, 2]","[78, 2, 9, 2]","[79, 2, 7, 2]","[87, 2, 5, 2]","[93, 2, 4, 2]","[94, 2, 6, 2]","[95, 2, 1, 2]","[98, 2, 9, 2]",,,,
188,"[21, 2, 2, 1]","[59, 2, 2, 2]","[70, 2, 7, 1]","[71, 2, 5, 1]","[77, 2, 3, 2]","[78, 2, 9, 2]","[79, 2, 7, 2]","[87, 2, 5, 1]","[93, 2, 4, 2]","[94, 2, 6, 2]","[95, 2, 1, 2]","[98, 2, 9, 2]","[101, 2, 2, 0]",,,
189,"[21, 2, 2, 1]","[59, 2, 2, 2]","[70, 2, 7, 1]","[71, 2, 5, 1]","[77, 2, 3, 2]","[78, 2, 9, 2]","[79, 2, 7, 2]","[87, 2, 5, 1]","[93, 2, 4, 2]","[94, 2, 6, 2]","[95, 2, 1, 2]","[98, 2, 9, 2]","[101, 2, 2, 0]","[102, 2, 6, 0]",,
190,"[21, 2, 2, 1]","[59, 2, 2, 2]","[70, 2, 7, 1]","[71, 2, 5, 1]","[77, 2, 3, 0]","[78, 2, 9, 2]","[79, 2, 7, 2]","[87, 2, 5, 1]","[93, 2, 4, 2]","[94, 2, 6, 2]","[95, 2, 1, 2]","[98, 2, 9, 2]","[101, 2, 2, 0]","[102, 2, 6, 0]","[103, 2, 5, 0]",
191,"[21, 2, 2, 1]","[59, 2, 2, 2]","[70, 2, 7, 1]","[71, 2, 5, 1]","[77, 2, 3, 0]","[78, 2, 9, 2]","[79, 2, 7, 2]","[87, 2, 5, 1]","[93, 2, 4, 2]","[94, 2, 6, 2]","[95, 2, 1, 2]","[98, 2, 9, 2]","[102, 2, 6, 0]","[103, 2, 5, 0]",,
192,"[21, 2, 2, 1]","[70, 2, 7, 1]","[71, 2, 5, 1]","[77, 2, 3, 0]","[78, 2, 9, 1]","[79, 2, 7, 2]","[87, 2, 5, 1]","[93, 2, 4, 0]","[94, 2, 6, 0]","[95, 2, 1, 0]","[98, 2, 9, 2]","[102, 2, 6, 0]","[103, 2, 5, 0]",,,
193,"[21, 2, 2, 1]","[70, 2, 7, 1]","[71, 2, 5, 2]","[77, 2, 3, 2]","[78, 2, 9, 1]","[79, 2, 7, 0]","[87, 2, 5, 2]","[93, 2, 4, 0]","[94, 2, 6, 0]","[95, 2, 1, 0]","[98, 2, 9, 2]","[102, 2, 6, 2]",,,,
194,"[21, 2, 2, 1]","[70, 2, 7, 1]","[71, 2, 5, 2]","[77, 2, 3, 2]","[78, 2, 9, 1]","[79, 2, 7, 0]","[87, 2, 5, 2]","[93, 2, 4, 0]","[94, 2, 6, 0]","[95, 2, 1, 0]","[98, 2, 9, 2]","[102, 2, 6, 2]","[104, 2, 0, 0]",,,
195,"[21, 2, 2, 2]","[70, 2, 7, 2]","[71, 2, 5, 2]","[77, 2, 3, 2]","[78, 2, 9, 1]","[79, 2, 7, 0]","[87, 2, 5, 2]","[93, 2, 4, 0]","[94, 2, 6, 0]","[95, 2, 1, 0]","[98, 2, 9, 2]","[102, 2, 6, 2]",,,,
196,"[21, 2, 2, 2]","[70, 2, 7, 2]","[71, 2, 5, 2]","[77, 2, 3, 2]","[78, 2, 9, 1]","[79, 2, 7, 0]","[87, 2, 5, 2]","[93, 2, 4, 0]","[94, 2, 6, 0]","[95, 2, 1, 0]","[98, 2, 9, 2]","[102, 2, 6, 2]","[105, 2, 6, 0]",,,
197,"[21, 2, 2, 2]","[70, 2, 7, 2]","[77, 2, 3, 2]","[78, 2, 9, 1]","[79, 2, 7, 0]","[87, 2, 5, 2]","[93, 2, 4, 0]","[94, 2, 6, 0]","[95, 2, 1, 0]","[98, 2, 9, 2]","[102, 2, 6, 2]","[105, 2, 6, 0]",,,,
198,"[21, 2, 2, 2]","[70, 2, 7, 2]","[77, 2, 3, 2]","[78, 2, 9, 2]","[79, 2, 7, 1]","[87, 2, 5, 2]","[93, 2, 4, 0]","[94, 2, 6, 0]","[95, 2, 1, 0]","[98, 2, 9, 2]","[102, 2, 6, 2]","[105, 2, 6, 0]","[106, 2, 0, 0]",,,
199,"[21, 2, 2, 2]","[70, 2, 7, 2]","[78, 2, 9, 2]","[79, 2, 7, 1]","[87, 2, 5, 2]","[93, 2, 4, 0]","[94, 2, 6, 0]","[95, 2, 1, 0]","[98, 2, 9, 2]","[102, 2, 6, 2]","[105, 2, 6, 0]","[106, 2, 0, 0]",,,,
200,"[21, 2, 2, 1]","[70, 2, 7, 2]","[78, 2, 9, 2]","[79, 2, 7, 1]","[87, 2, 5, 1]","[93, 2, 4, 2]","[94, 2, 6, 0]","[95, 2, 1, 0]","[98, 2, 9, 0]","[102, 2, 6, 2]","[105, 2, 6, 0]","[106, 2, 0, 0]","[107, 2, 0, 0]",,,
201,"[21, 2, 2, 1]","[70, 2, 7, 1]","[78, 2, 9, 2]","[79, 2, 7, 1]","[87, 2, 5, 1]","[93, 2, 4, 2]","[94, 2, 6, 2]","[95, 2, 1, 2]","[98, 2, 9, 0]","[102, 2, 6, 2]","[105, 2, 6, 2]","[106, 2, 0, 2]",,,,
202,"[21, 2, 2, 1]","[70, 2, 7, 1]","[78, 2, 9, 2]","[79, 2, 7, 1]","[87, 2, 5, 1]","[93, 2, 4, 2]","[94, 2, 6, 2]","[95, 2, 1, 2]","[98, 2, 9, 0]","[102, 2, 6, 2]","[105, 2, 6, 2]","[106, 2, 0, 2]","[108, 2, 5, 0]",,,
203,"[21, 2, 2, 1]","[70, 2, 7, 1]","[78, 2, 9, 2]","[79, 2, 7, 1]","[87, 2, 5, 1]","[93, 2, 4, 2]","[94, 2, 6, 2]","[95, 2, 1, 2]","[98, 2, 9, 0]","[102, 2, 6, 2]","[105, 2, 6, 2]","[106, 2, 0, 2]","[108, 2, 5, 0]","[109, 2, 7, 0]",,
204,"[21, 2, 2, 1]","[70, 2, 7, 1]","[79, 2, 7, 1]","[87, 2, 5, 1]","[93, 2, 4, 2]","[94, 2, 6, 2]","[95, 2, 1, 2]","[98, 2, 9, 0]","[102, 2, 6, 2]","[105, 2, 6, 2]","[106, 2, 0, 2]","[108, 2, 5, 0]","[109, 2, 7, 0]",,,
205,"[21, 2, 2, 1]","[70, 2, 7, 1]","[79, 2, 7, 1]","[87, 2, 5, 1]","[93, 2, 4, 2]","[94, 2, 6, 2]","[95, 2, 1, 2]","[98, 2, 9, 0]","[102, 2, 6, 2]","[105, 2, 6, 2]","[106, 2, 0, 2]","[108, 2, 5, 2]","[109, 2, 7, 0]","[110, 2, 1, 0]",,
206,"[21, 2, 2, 2]","[70, 2, 7, 2]","[79, 2, 7, 1]","[87, 2, 5, 1]","[93, 2, 4, 2]","[94, 2, 6, 2]","[95, 2, 1, 2]","[98, 2, 9, 0]","[102, 2, 6, 2]","[105, 2, 6, 2]","[106, 2, 0, 2]","[108, 2, 5, 2]","[109, 2, 7, 2]",,,
207,"[21, 2, 2, 2]","[70, 2, 7, 2]","[79, 2, 7, 1]","[87, 2, 5, 1]","[93, 2, 4, 2]","[94, 2, 6, 2]","[95, 2, 1, 2]","[98, 2, 9, 0]","[102, 2, 6, 2]","[105, 2, 6, 2]","[106, 2, 0, 2]","[108, 2, 5, 2]","[109, 2, 7, 2]","[111, 2, 4, 0]",,
208,"[21, 2, 2, 2]","[70, 2, 7, 2]","[79, 2, 7, 1]","[87, 2, 5, 1]","[93, 2, 4, 2]","[94, 2, 6, 2]","[95, 2, 1, 2]","[98, 2, 9, 0]","[102, 2, 6, 2]","[105, 2, 6, 2]","[106, 2, 0, 2]","[108, 2, 5, 2]","[109, 2, 7, 2]","[111, 2, 4, 0]","[112, 2, 4, 0]",
209,"[21, 2, 2, 2]","[70, 2, 7, 2]","[79, 2, 7, 1]","[87, 2, 5, 1]","[93, 2, 4, 2]","[94, 2, 6, 2]","[95, 2, 1, 2]","[98, 2, 9, 0]","[102, 2, 6, 2]","[105, 2, 6, 2]","[106, 2, 0, 2]","[108, 2, 5, 2]","[109, 2, 7, 2]","[111, 2, 4, 0]","[112, 2, 4, 0]","[113, 2, 1, 0]"
210,"[21, 2, 2, 2]","[70, 2, 7, 2]","[79, 2, 7, 1]","[87, 2, 5, 1]","[93, 2, 4, 2]","[94, 2, 6, 2]","[95, 2, 1, 2]","[98, 2, 9, 0]","[102, 2, 6, 2]","[105, 2, 6, 2]","[106, 2, 0, 2]","[108, 2, 5, 2]","[111, 2, 4, 0]","[112, 2, 4, 0]","[113, 2, 1, 0]",
211,"[21, 2, 2, 2]","[70, 2, 7, 2]","[79, 2, 7, 2]","[87, 2, 5, 1]","[93, 2, 4, 2]","[94, 2, 6, 2]","[95, 2, 1, 2]","[98, 2, 9, 0]","[105, 2, 6, 2]","[106, 2, 0, 2]","[108, 2, 5, 2]","[111, 2, 4, 0]","[112, 2, 4, 0]","[113, 2, 1, 0]",,
212,"[21, 2, 2, 2]","[70, 2, 7, 2]","[79, 2, 7, 2]","[87, 2, 5, 1]","[93, 2, 4, 2]","[94, 2, 6, 2]","[95, 2, 1, 2]","[98, 2, 9, 2]","[105, 2, 6, 2]","[106, 2, 0, 2]","[108, 2, 5, 2]","[111, 2, 4, 0]","[112, 2, 4, 0]","[113, 2, 1, 0]","[114, 2, 3, 0]",
213,"[21, 2, 2, 2]","[70, 2, 7, 2]","[79, 2, 7, 1]","[87, 2, 5, 2]","[93, 2, 4, 2]","[94, 2, 6, 2]","[95, 2, 1, 2]","[98, 2, 9, 2]","[105, 2, 6, 2]","[106, 2, 0, 2]","[108, 2, 5, 2]","[111, 2, 4, 2]","[112, 2, 4, 2]","[113, 2, 1, 2]",,
214,"[21, 2, 2, 2]","[70, 2, 7, 2]","[79, 2, 7, 2]","[87, 2, 5, 2]","[93, 2, 4, 1]","[94, 2, 6, 2]","[95, 2, 1, 2]","[98, 2, 9, 2]","[105, 2, 6, 2]","[106, 2, 0, 2]","[108, 2, 5, 2]","[111, 2, 4, 2]","[112, 2, 4, 2]","[113, 2, 1, 2]","[115, 2, 9, 0]",
215,"[21, 2, 2, 2]","[70, 2, 7, 2]","[79, 2, 7, 2]","[87, 2, 5, 2]","[93, 2, 4, 1]","[94, 2, 6, 0]","[95, 2, 1, 0]","[98, 2, 9, 2]","[105, 2, 6, 0]","[106, 2, 0, 0]","[108, 2, 5, 2]","[111, 2, 4, 2]","[112, 2, 4, 2]","[113, 2, 1, 2]","[115, 2, 9, 0]","[116, 2, 4, 0]"
216,"[21, 2, 2, 2]","[70, 2, 7, 2]","[79, 2, 7, 2]","[87, 2, 5, 2]","[93, 2, 4, 1]","[94, 2, 6, 0]","[95, 2, 1, 0]","[98, 2, 9, 2]","[105, 2, 6, 0]","[106, 2, 0, 0]","[108, 2, 5, 2]","[111, 2, 4, 2]","[112, 2, 4, 2]","[113, 2, 1, 2]","[115, 2, 9, 0]",
217,"[21, 2, 2, 2]","[70, 2, 7, 2]","[79, 2, 7, 2]","[87, 2, 5, 2]","[93, 2, 4, 1]","[94, 2, 6, 0]","[95, 2, 1, 0]","[98, 2, 9, 2]","[105, 2, 6, 0]","[106, 2, 0, 0]","[108, 2, 5, 2]","[112, 2, 4, 2]","[113, 2, 1, 2]","[115, 2, 9, 0]",,
218,"[21, 2, 2, 2]","[70, 2, 7, 2]","[79, 2, 7, 2]","[87, 2, 5, 2]","[93, 2, 4, 1]","[94, 2, 6, 2]","[95, 2, 1, 2]","[98, 2, 9, 2]","[105, 2, 6, 1]","[106, 2, 0, 0]","[108, 2, 5, 2]","[112, 2, 4, 2]","[113, 2, 1, 2]",,,
219,"[21, 2, 2, 2]","[70, 2, 7, 2]","[79, 2, 7, 2]","[87, 2, 5, 2]","[93, 2, 4, 1]","[94, 2, 6, 2]","[95, 2, 1, 2]","[98, 2, 9, 2]","[105, 2, 6, 1]","[106, 2, 0, 0]","[108, 2, 5, 2]","[112, 2, 4, 2]","[113, 2, 1, 2]","[117, 2, 4, 0]",,
220,"[21, 2, 2, 2]","[70, 2, 7, 2]","[79, 2, 7, 2]","[87, 2, 5, 2]","[93, 2, 4, 1]","[94, 2, 6, 2]","[95, 2, 1, 2]","[98, 2, 9, 2]","[105, 2, 6, 1]","[106, 2, 0, 0]","[108, 2, 5, 2]","[112, 2, 4, 2]","[113, 2, 1, 2]","[117, 2, 4, 0]",,
221,"[21, 2, 2, 2]","[70, 2, 7, 2]","[79, 2, 7, 2]","[87, 2, 5, 2]","[93, 2, 4, 1]","[94, 2, 6, 2]","[95, 2, 1, 2]","[98, 2, 9, 2]","[105, 2, 6, 1]","[106, 2, 0, 0]","[108, 2, 5, 2]","[112, 2, 4, 2]","[113, 2, 1, 2]","[117, 2, 4, 0]","[118, 2, 5, 0]",
222,"[21, 2, 2, 2]","[70, 2, 7, 2]","[79, 2, 7, 2]","[87, 2, 5, 2]","[93, 2, 4, 2]","[94, 2, 6, 2]","[95, 2, 1, 2]","[98, 2, 9, 2]","[105, 2, 6, 2]","[106, 2, 0, 2]","[108, 2, 5, 2]","[112, 2, 4, 2]","[113, 2, 1, 2]","[117, 2, 4, 2]",,
223,"[21, 2, 2, 2]","[70, 2, 7, 2]","[79, 2, 7, 2]","[87, 2, 5, 2]","[93, 2, 4, 2]","[94, 2, 6, 2]","[95, 2, 1, 2]","[98, 2, 9, 2]","[105, 2, 6, 2]","[106, 2, 0, 2]","[108, 2, 5, 2]","[112, 2, 4, 2]","[113, 2, 1, 2]","[117, 2, 4, 2]",,
224,"[21, 2, 2, 2]","[70, 2, 7, 2]","[79, 2, 7, 2]","[87, 2, 5, 1]","[93, 2, 4, 2]","[94, 2, 6, 2]","[95, 2, 1, 2]","[98, 2, 9, 2]","[105, 2, 6, 2]","[106, 2, 0, 2]","[108, 2, 5, 2]","[112, 2, 4, 0]","[113, 2, 1, 0]","[117, 2, 4, 2]",,
225,"[21, 2, 2, 2]","[70, 2, 7, 2]","[79, 2, 7, 2]","[87, 2, 5, 1]","[93, 2, 4, 2]","[94, 2, 6, 2]","[95, 2, 1, 2]","[98, 2, 9, 2]","[105, 2, 6, 2]","[106, 2, 0, 2]","[108, 2, 5, 2]","[112, 2, 4, 0]","[113, 2, 1, 0]","[117, 2, 4, 2]","[119, 2, 5, 0]",
226,"[21, 2, 2, 2]","[70, 2, 7, 2]","[79, 2, 7, 1]","[87, 2, 5, 1]","[93, 2, 4, 2]","[94, 2, 6, 2]","[95, 2, 1, 2]","[98, 2, 9, 2]","[105, 2, 6, 2]","[106, 2, 0, 2]","[108, 2, 5, 2]","[112, 2, 4, 0]","[113, 2, 1, 0]","[117, 2, 4, 2]","[119, 2, 5, 0]",
227,"[21, 2, 2, 2]","[70, 2, 7, 2]","[79, 2, 7, 2]","[87, 2, 5, 2]","[93, 2, 4, 2]","[94, 2, 6, 2]","[95, 2, 1, 2]","[98, 2, 9, 2]","[105, 2, 6, 2]","[106, 2, 0, 2]","[108, 2, 5, 2]","[112, 2, 4, 2]","[113, 2, 1, 2]","[117, 2, 4, 2]",,
228,"[21, 2, 2, 2]","[70, 2, 7, 2]","[79, 2, 7, 2]","[87, 2, 5, 2]","[93, 2, 4, 2]","[94, 2, 6, 2]","[95, 2, 1, 2]","[98, 2, 9, 2]","[105, 2, 6, 2]","[106, 2, 0, 2]","[108, 2, 5, 2]","[112, 2, 4, 2]","[113, 2, 1, 2]","[117, 2, 4, 2]",,
229,"[21, 2, 2, 2]","[70, 2, 7, 2]","[79, 2, 7, 2]","[87, 2, 5, 1]","[93, 2, 4, 1]","[94, 2, 6, 1]","[95, 2, 1, 2]","[98, 2, 9, 2]","[105, 2, 6, 1]","[106, 2, 0, 0]","[108, 2, 5, 2]","[112, 2, 4, 0]","[113, 2, 1, 0]","[117, 2, 4, 0]",,
230,"[21, 2, 2, 2]","[70, 2, 7, 2]","[79, 2, 7, 1]","[87, 2, 5, 1]","[93, 2, 4, 0]","[94, 2, 6, 1]","[98, 2, 9, 1]","[105, 2, 6, 1]","[106, 2, 0, 2]","[108, 2, 5, 2]","[112, 2, 4, 0]","[113, 2, 1, 0]","[117, 2, 4, 0]",,,
231,"[21, 2, 2, 2]","[70, 2, 7, 2]","[79, 2, 7, 1]","[87, 2, 5, 1]","[93, 2, 4, 0]","[94, 2, 6, 1]","[98, 2, 9, 0]","[105, 2, 6, 1]","[106, 2, 0, 2]","[108, 2, 5, 2]","[113, 2, 1, 0]","[117, 2, 4, 0]",,,,
232,"[21, 2, 2, 2]","[70, 2, 7, 2]","[79, 2, 7, 1]","[87, 2, 5, 1]","[93, 2, 4, 0]","[94, 2, 6, 1]","[105, 2, 6, 1]","[106, 2, 0, 0]","[108, 2, 5, 2]","[113, 2, 1, 2]","[117, 2, 4, 0]",,,,,
233,"[21, 2, 2, 1]","[70, 2, 7, 1]","[79, 2, 7, 1]","[87, 2, 5, 1]","[93, 2, 4, 0]","[94, 2, 6, 1]","[105, 2, 6, 1]","[106, 2, 0, 0]","[108, 2, 5, 2]","[113, 2, 1, 2]","[117, 2, 4, 0]","[120, 2, 5, 0]",,,,
234,"[21, 2, 2, 1]","[70, 2, 7, 1]","[79, 2, 7, 1]","[87, 2, 5, 1]","[93, 2, 4, 0]","[94, 2, 6, 1]","[105, 2, 6, 1]","[106, 2, 0, 0]","[108, 2, 5, 2]","[113, 2, 1, 2]","[120, 2, 5, 0]",,,,,
235,"[21, 2, 2, 1]","[70, 2, 7, 1]","[87, 2, 5, 1]","[93, 2, 4, 0]","[94, 2, 6, 1]","[105, 2, 6, 1]","[106, 2, 0, 0]","[108, 2, 5, 2]","[113, 2, 1, 2]","[120, 2, 5, 0]",,,,,,
236,"[21, 2, 2, 2]","[70, 2, 7, 1]","[87, 2, 5, 1]","[93, 2, 4, 0]","[94, 2, 6, 1]","[105, 2, 6, 1]","[106, 2, 0, 0]","[108, 2, 5, 2]","[113, 2, 1, 2]","[120, 2, 5, 0]","[121, 2, 2, 0]",,,,,
237,"[21, 2, 2, 2]","[70, 2, 7, 2]","[87, 2, 5, 1]","[93, 2, 4, 2]","[94, 2, 6, 1]","[105, 2, 6, 1]","[106, 2, 0, 0]","[108, 2, 5, 2]","[113, 2, 1, 2]","[120, 2, 5, 0]",,,,,,
238,"[21, 2, 2, 2]","[70, 2, 7, 1]","[87, 2, 5, 0]","[93, 2, 4, 1]","[94, 2, 6, 1]","[105, 2, 6, 1]","[106, 2, 0, 0]","[108, 2, 5, 2]","[113, 2, 1, 2]","[120, 2, 5, 0]","[122, 2, 8, 0]",,,,,
239,"[21, 2, 2, 2]","[70, 2, 7, 1]","[87, 2, 5, 0]","[94, 2, 6, 0]","[105, 2, 6, 0]","[106, 2, 0, 0]","[108, 2, 5, 2]","[113, 2, 1, 2]","[120, 2, 5, 0]","[122, 2, 8, 0]",,,,,,
240,"[21, 2, 2, 2]","[70, 2, 7, 1]","[87, 2, 5, 0]","[94, 2, 6, 1]","[105, 2, 6, 0]","[106, 2, 0, 0]","[108, 2, 5, 2]","[113, 2, 1, 2]","[122, 2, 8, 0]",,,,,,,
241,"[21, 2, 2, 2]","[70, 2, 7, 1]","[87, 2, 5, 0]","[94, 2, 6, 0]","[105, 2, 6, 0]","[106, 2, 0, 0]","[108, 2, 5, 2]","[113, 2, 1, 2]","[122, 2, 8, 0]",,,,,,,
242,"[21, 2, 2, 1]","[70, 2, 7, 0]","[87, 2, 5, 0]","[94, 2, 6, 0]","[105, 2, 6, 0]","[106, 2, 0, 0]","[108, 2, 5, 2]","[113, 2, 1, 2]","[122, 2, 8, 0]","[123, 2, 1, 0]",,,,,,
243,"[21, 2, 2, 1]","[70, 2, 7, 0]","[87, 2, 5, 0]","[94, 2, 6, 2]","[106, 2, 0, 2]","[108, 2, 5, 2]","[113, 2, 1, 2]","[122, 2, 8, 2]","[123, 2, 1, 0]",,,,,,,
244,"[21, 2, 2, 1]","[70, 2, 7, 0]","[87, 2, 5, 0]","[94, 2, 6, 2]","[106, 2, 0, 2]","[108, 2, 5, 2]","[113, 2, 1, 2]","[122, 2, 8, 2]","[123, 2, 1, 2]",,,,,,,
245,"[21, 2, 2, 1]","[70, 2, 7, 0]","[87, 2, 5, 0]","[94, 2, 6, 2]","[106, 2, 0, 2]","[108, 2, 5, 2]","[113, 2, 1, 2]","[122, 2, 8, 2]","[123, 2, 1, 2]",,,,,,,
246,"[21, 2, 2, 1]","[70, 2, 7, 0]","[87, 2, 5, 0]","[94, 2, 6, 0]","[106, 2, 0, 0]","[108, 2, 5, 2]","[113, 2, 1, 2]","[122, 2, 8, 0]","[123, 2, 1, 2]","[124, 2, 5, 0]",,,,,,
247,"[21, 2, 2, 2]","[70, 2, 7, 1]","[87, 2, 5, 0]","[94, 2, 6, 0]","[106, 2, 0, 0]","[108, 2, 5, 2]","[113, 2, 1, 2]","[123, 2, 1, 0]","[124, 2, 5, 0]",,,,,,,
248,"[21, 2, 2, 2]","[70, 2, 7, 1]","[87, 2, 5, 0]","[94, 2, 6, 0]","[106, 2, 0, 0]","[108, 2, 5, 2]","[113, 2, 1, 2]","[123, 2, 1, 0]","[124, 2, 5, 0]","[125, 2, 2, 0]",,,,,,
249,"[21, 2, 2, 2]","[70, 2, 7, 1]","[87, 2, 5, 0]","[94, 2, 6, 0]","[106, 2, 0, 0]","[108, 2, 5, 2]","[113, 2, 1, 2]","[123, 2, 1, 0]","[125, 2, 2, 0]",,,,,,,
250,"[21, 2, 2, 2]","[70, 2, 7, 1]","[87, 2, 5, 0]","[94, 2, 6, 0]","[106, 2, 0, 0]","[108, 2, 5, 2]","[113, 2, 1, 2]","[123, 2, 1, 0]","[125, 2, 2, 0]",,,,,,,
251,"[21, 2, 2, 2]","[70, 2, 7, 1]","[87, 2, 5, 0]","[94, 2, 6, 0]","[106, 2, 0, 0]","[108, 2, 5, 2]","[113, 2, 1, 0]","[123, 2, 1, 0]","[125, 2, 2, 0]",,,,,,,
252,"[21, 2, 2, 2]","[70, 2, 7, 1]","[87, 2, 5, 0]","[94, 2, 6, 0]","[106, 2, 0, 0]","[108, 2, 5, 2]","[113, 2, 1, 0]","[123, 2, 1, 0]",,,,,,,,
253,"[21, 2, 2, 2]","[70, 2, 7, 1]","[94, 2, 6, 0]","[106, 2, 0, 0]","[108, 2, 5, 2]","[113, 2, 1, 0]","[123, 2, 1, 0]",,,,,,,,,
254,"[21, 2, 2, 2]","[70, 2, 7, 2]","[94, 2, 6, 1]","[108, 2, 5, 2]","[113, 2, 1, 0]","[123, 2, 1, 0]",,,,,,,,,,
255,"[21, 2, 2, 2]","[70, 2, 7, 2]","[94, 2, 6, 1]","[108, 2, 5, 2]","[113, 2, 1, 0]","[123, 2, 1, 0]","[126, 2, 7, 0]",,,,,,,,,
256,"[21, 2, 2, 2]","[70, 2, 7, 2]","[94, 2, 6, 1]","[108, 2, 5, 2]","[113, 2, 1, 0]","[123, 2, 1, 0]","[126, 2, 7, 0]","[127, 2, 9, 0]",,,,,,,,
257,"[21, 2, 2, 2]","[70, 2, 7, 2]","[94, 2, 6, 2]","[108, 2, 5, 2]","[113, 2, 1, 2]","[123, 2, 1, 2]","[127, 2, 9, 1]",,,,,,,,,
258,"[21, 2, 2, 2]","[70, 2, 7, 2]","[94, 2, 6, 2]","[108, 2, 5, 2]","[113, 2, 1, 2]","[123, 2, 1, 2]","[127, 2, 9, 2]",,,,,,,,,
259,"[21, 2, 2, 1]","[70, 2, 7, 2]","[94, 2, 6, 2]","[108, 2, 5, 2]","[113, 2, 1, 2]","[123, 2, 1, 2]","[127, 2, 9, 2]",,,,,,,,,
260,"[21, 2, 2, 2]","[70, 2, 7, 2]","[94, 2, 6, 2]","[108, 2, 5, 0]","[113, 2, 1, 2]","[123, 2, 1, 2]","[127, 2, 9, 2]",,,,,,,,,
261,"[21, 2, 2, 2]","[70, 2, 7, 2]","[94, 2, 6, 2]","[108, 2, 5, 2]","[113, 2, 1, 2]","[123, 2, 1, 2]","[127, 2, 9, 2]",,,,,,,,,
262,"[21, 2, 2, 2]","[70, 2, 7, 2]","[94, 2, 6, 2]","[108, 2, 5, 2]","[113, 2, 1, 2]","[123, 2, 1, 2]","[127, 2, 9, 2]",,,,,,,,,
263,"[21, 2, 2, 2]","[70, 2, 7, 2]","[94, 2, 6, 2]","[108, 2, 5, 2]","[113, 2, 1, 2]","[123, 2, 1, 2]","[127, 2, 9, 2]",,,,,,,,,
264,"[21, 2, 2, 2]","[70, 2, 7, 2]","[94, 2, 6, 2]","[108, 2, 5, 2]","[113, 2, 1, 2]","[123, 2, 1, 2]","[127, 2, 9, 2]",,,,,,,,,
265,"[21, 2, 2, 2]","[70, 2, 7, 2]","[94, 2, 6, 2]","[108, 2, 5, 2]","[113, 2, 1, 2]","[123, 2, 1, 2]","[127, 2, 9, 2]",,,,,,,,,
266,"[21, 2, 2, 2]","[70, 2, 7, 2]","[94, 2, 6, 2]","[108, 2, 5, 2]","[113, 2, 1, 2]","[123, 2, 1, 2]","[127, 2, 9, 2]",,,,,,,,,
267,"[21, 2, 2, 2]","[70, 2, 7, 2]","[94, 2, 6, 1]","[108, 2, 5, 2]","[113, 2, 1, 0]","[123, 2, 1, 0]","[127, 2, 9, 1]","[128, 2, 7, 0]",,,,,,,,
268,"[21, 2, 2, 2]","[70, 2, 7, 2]","[94, 2, 6, 2]","[108, 2, 5, 2]","[113, 2, 1, 2]","[123, 2, 1, 2]","[127, 2, 9, 1]","[128, 2, 7, 2]",,,,,,,,
269,"[21, 2, 2, 1]","[70, 2, 7, 1]","[94, 2, 6, 1]","[108, 2, 5, 2]","[113, 2, 1, 2]","[123, 2, 1, 2]","[127, 2, 9, 2]","[128, 2, 7, 2]","[129, 2, 3, 0]",,,,,,,
270,"[21, 2, 2, 2]","[70, 2, 7, 2]","[94, 2, 6, 2]","[108, 2, 5, 2]","[113, 2, 1, 2]","[123, 2, 1, 2]","[127, 2, 9, 0]","[128, 2, 7, 2]","[129, 2, 3, 2]","[130, 2, 3, 0]",,,,,,
271,"[21, 2, 2, 1]","[70, 2, 7, 2]","[94, 2, 6, 2]","[108, 2, 5, 2]","[113, 2, 1, 2]","[123, 2, 1, 2]","[127, 2, 9, 2]","[128, 2, 7, 2]","[129, 2, 3, 0]","[130, 2, 3, 2]","[131, 2, 2, 0]",,,,,
272,"[21, 2, 2, 1]","[70, 2, 7, 1]","[94, 2, 6, 1]","[108, 2, 5, 2]","[113, 2, 1, 2]","[123, 2, 1, 2]","[127, 2, 9, 1]","[128, 2, 7, 2]","[129, 2, 3, 2]","[130, 2, 3, 0]","[131, 2, 2, 2]",,,,,
273,"[21, 2, 2, 1]","[70, 2, 7, 1]","[94, 2, 6, 2]","[108, 2, 5, 2]","[113, 2, 1, 2]","[123, 2, 1, 2]","[127, 2, 9, 0]","[128, 2, 7, 2]","[129, 2, 3, 2]","[130, 2, 3, 1]","[131, 2, 2, 0]","[132, 2, 5, 0]",,,,
274,"[21, 2, 2, 1]","[70, 2, 7, 2]","[94, 2, 6, 2]","[108, 2, 5, 0]","[113, 2, 1, 2]","[123, 2, 1, 2]","[127, 2, 9, 2]","[128, 2, 7, 2]","[129, 2, 3, 1]","[130, 2, 3, 2]","[131, 2, 2, 0]",,,,,
275,"[21, 2, 2, 1]","[70, 2, 7, 2]","[94, 2, 6, 2]","[108, 2, 5, 0]","[113, 2, 1, 2]","[123, 2, 1, 2]","[127, 2, 9, 2]","[128, 2, 7, 2]","[129, 2, 3, 1]","[130, 2, 3, 2]","[131, 2, 2, 2]",,,,,
276,"[21, 2, 2, 1]","[70, 2, 7, 2]","[94, 2, 6, 2]","[108, 2, 5, 0]","[113, 2, 1, 2]","[123, 2, 1, 2]","[127, 2, 9, 2]","[128, 2, 7, 2]","[129, 2, 3, 1]","[130, 2, 3, 2]","[131, 2, 2, 2]",,,,,
277,"[21, 2, 2, 2]","[70, 2, 7, 2]","[94, 2, 6, 2]","[108, 2, 5, 2]","[123, 2, 1, 2]","[127, 2, 9, 2]","[128, 2, 7, 2]","[129, 2, 3, 2]","[130, 2, 3, 2]","[131, 2, 2, 2]",,,,,,
278,"[21, 2, 2, 2]","[70, 2, 7, 2]","[94, 2, 6, 2]","[108, 2, 5, 2]","[123, 2, 1, 2]","[127, 2, 9, 2]","[128, 2, 7, 2]","[129, 2, 3, 2]","[130, 2, 3, 2]","[131, 2, 2, 2]","[133, 2, 3, 0]",,,,,
279,"[21, 2, 2, 2]","[70, 2, 7, 2]","[94, 2, 6, 2]","[108, 2, 5, 2]","[123, 2, 1, 2]","[127, 2, 9, 2]","[128, 2, 7, 2]","[129, 2, 3, 2]","[130, 2, 3, 2]","[131, 2, 2, 2]","[133, 2, 3, 2]","[134, 2, 0, 0]",,,,
280,"[21, 2, 2, 2]","[70, 2, 7, 2]","[94, 2, 6, 2]","[108, 2, 5, 2]","[123, 2, 1, 2]","[127, 2, 9, 2]","[128, 2, 7, 2]","[129, 2, 3, 2]","[130, 2, 3, 2]","[131, 2, 2, 2]","[133, 2, 3, 2]","[134, 2, 0, 0]",,,,
281,"[21, 2, 2, 2]","[70, 2, 7, 2]","[94, 2, 6, 2]","[108, 2, 5, 2]","[123, 2, 1, 1]","[127, 2, 9, 2]","[128, 2, 7, 0]","[129, 2, 3, 2]","[130, 2, 3, 2]","[131, 2, 2, 2]","[133, 2, 3, 2]","[134, 2, 0, 0]","[135, 2, 2, 0]",,,
282,"[21, 2, 2, 2]","[70, 2, 7, 1]","[94, 2, 6, 1]","[108, 2, 5, 2]","[123, 2, 1, 0]","[127, 2, 9, 2]","[128, 2, 7, 0]","[129, 2, 3, 2]","[130, 2, 3, 2]","[131, 2, 2, 2]","[133, 2, 3, 2]","[134, 2, 0, 0]","[135, 2, 2, 0]","[136, 2, 7, 0]",,
283,"[21, 2, 2, 2]","[70, 2, 7, 1]","[94, 2, 6, 1]","[108, 2, 5, 2]","[123, 2, 1, 0]","[127, 2, 9, 2]","[128, 2, 7, 0]","[129, 2, 3, 2]","[130, 2, 3, 2]","[131, 2, 2, 2]","[133, 2, 3, 2]","[134, 2, 0, 2]","[135, 2, 2, 0]",,,
284,"[21, 2, 2, 2]","[70, 2, 7, 1]","[94, 2, 6, 1]","[108, 2, 5, 2]","[123, 2, 1, 0]","[127, 2, 9, 2]","[128, 2, 7, 0]","[129, 2, 3, 2]","[130, 2, 3, 2]","[131, 2, 2, 2]","[133, 2, 3, 2]","[134, 2, 0, 2]","[135, 2, 2, 0]","[137, 2, 5, 0]",,
285,"[21, 2, 2, 2]","[70, 2, 7, 1]","[94, 2, 6, 1]","[108, 2, 5, 2]","[123, 2, 1, 0]","[127, 2, 9, 2]","[128, 2, 7, 0]","[129, 2, 3, 2]","[130, 2, 3, 2]","[131, 2, 2, 2]","[133, 2, 3, 2]","[134, 2, 0, 2]","[135, 2, 2, 2]",,,
286,"[21, 2, 2, 2]","[70, 2, 7, 1]","[94, 2, 6, 1]","[108, 2, 5, 2]","[123, 2, 1, 0]","[127, 2, 9, 2]","[128, 2, 7, 0]","[129, 2, 3, 2]","[130, 2, 3, 2]","[131, 2, 2, 2]","[133, 2, 3, 2]","[134, 2, 0, 2]","[135, 2, 2, 2]",,,
287,"[21, 2, 2, 2]","[70, 2, 7, 0]","[94, 2, 6, 1]","[108, 2, 5, 2]","[123, 2, 1, 0]","[127, 2, 9, 0]","[128, 2, 7, 0]","[129, 2, 3, 2]","[130, 2, 3, 1]","[131, 2, 2, 2]","[133, 2, 3, 2]","[134, 2, 0, 2]","[135, 2, 2, 2]",,,
288,"[21, 2, 2, 2]","[70, 2, 7, 0]","[94, 2, 6, 1]","[108, 2, 5, 2]","[123, 2, 1, 0]","[127, 2, 9, 0]","[128, 2, 7, 0]","[129, 2, 3, 1]","[130, 2, 3, 1]","[131, 2, 2, 0]","[133, 2, 3, 2]","[134, 2, 0, 2]","[135, 2, 2, 2]",,,
289,"[21, 2, 2, 1]","[70, 2, 7, 2]","[94, 2, 6, 1]","[108, 2, 5, 2]","[123, 2, 1, 1]","[127, 2, 9, 0]","[128, 2, 7, 0]","[129, 2, 3, 1]","[130, 2, 3, 0]","[131, 2, 2, 0]","[133, 2, 3, 2]","[134, 2, 0, 2]",,,,
290,"[21, 2, 2, 1]","[70, 2, 7, 2]","[94, 2, 6, 1]","[108, 2, 5, 2]","[123, 2, 1, 2]","[128, 2, 7, 0]","[129, 2, 3, 1]","[130, 2, 3, 0]","[131, 2, 2, 0]","[133, 2, 3, 2]","[134, 2, 0, 2]",,,,,
291,"[21, 2, 2, 1]","[70, 2, 7, 2]","[94, 2, 6, 1]","[108, 2, 5, 2]","[123, 2, 1, 2]","[128, 2, 7, 1]","[129, 2, 3, 1]","[130, 2, 3, 0]","[131, 2, 2, 0]","[133, 2, 3, 2]","[134, 2, 0, 2]",,,,,
292,"[21, 2, 2, 1]","[70, 2, 7, 2]","[94, 2, 6, 1]","[108, 2, 5, 2]","[123, 2, 1, 2]","[128, 2, 7, 1]","[129, 2, 3, 1]","[130, 2, 3, 0]","[131, 2, 2, 0]","[133, 2, 3, 0]","[134, 2, 0, 2]",,,,,
293,"[21, 2, 2, 1]","[70, 2, 7, 2]","[94, 2, 6, 1]","[108, 2, 5, 2]","[123, 2, 1, 2]","[128, 2, 7, 2]","[129, 2, 3, 2]","[130, 2, 3, 0]","[131, 2, 2, 0]","[133, 2, 3, 0]",,,,,,
294,"[21, 2, 2, 1]","[70, 2, 7, 2]","[94, 2, 6, 1]","[108, 2, 5, 2]","[123, 2, 1, 2]","[128, 2, 7, 2]","[129, 2, 3, 2]","[130, 2, 3, 2]","[131, 2, 2, 0]","[133, 2, 3, 0]",,,,,,
295,"[21, 2, 2, 1]","[70, 2, 7, 2]","[94, 2, 6, 1]","[108, 2, 5, 2]","[123, 2, 1, 2]","[128, 2, 7, 2]","[129, 2, 3, 2]","[130, 2, 3, 2]","[131, 2, 2, 0]","[133, 2, 3, 0]","[138, 2, 7, 0]",,,,,
296,"[21, 2, 2, 1]","[70, 2, 7, 2]","[94, 2, 6, 1]","[108, 2, 5, 2]","[123, 2, 1, 2]","[128, 2, 7, 2]","[129, 2, 3, 2]","[130, 2, 3, 2]","[131, 2, 2, 2]","[133, 2, 3, 2]",,,,,,
297,"[21, 2, 2, 1]","[70, 2, 7, 2]","[94, 2, 6, 1]","[108, 2, 5, 2]","[123, 2, 1, 2]","[128, 2, 7, 2]","[129, 2, 3, 2]","[130, 2, 3, 2]","[131, 2, 2, 2]","[133, 2, 3, 2]","[139, 2, 7, 0]",,,,,
298,"[21, 2, 2, 1]","[70, 2, 7, 2]","[94, 2, 6, 1]","[108, 2, 5, 2]","[123, 2, 1, 2]","[128, 2, 7, 2]","[129, 2, 3, 2]","[130, 2, 3, 2]","[131, 2, 2, 2]","[133, 2, 3, 2]","[139, 2, 7, 0]",,,,,
299,"[21, 2, 2, 0]","[70, 2, 7, 0]","[94, 2, 6, 0]","[108, 2, 5, 0]","[123, 2, 1, 1]","[128, 2, 7, 2]","[129, 2, 3, 1]","[130, 2, 3, 2]","[131, 2, 2, 2]","[133, 2, 3, 2]","[139, 2, 7, 0]",,,,,
300,"[21, 2, 2, 0]","[70, 2, 7, 0]","[94, 2, 6, 0]","[108, 2, 5, 0]","[128, 2, 7, 2]","[129, 2, 3, 1]","[130, 2, 3, 2]","[131, 2, 2, 0]","[133, 2, 3, 0]","[139, 2, 7, 0]",,,,,,
301,"[21, 2, 2, 0]","[70, 2, 7, 0]","[94, 2, 6, 0]","[108, 2, 5, 0]","[128, 2, 7, 2]","[129, 2, 3, 1]","[130, 2, 3, 2]","[131, 2, 2, 0]","[133, 2, 3, 0]",,,,,,,
302,"[21, 2, 2, 1]","[70, 2, 7, 0]","[94, 2, 6, 0]","[108, 2, 5, 0]","[128, 2, 7, 2]","[129, 2, 3, 1]","[130, 2, 3, 2]","[131, 2, 2, 0]",,,,,,,,
